,entity,tag
0,Ottawap,B-PER
1,Maybep,B-MISC
2,Not,B-PER
3,Canadap,I-PER
4,Democratic,B-PER
5,Reformp,I-PER
6,University,B-PER
7,Ottawap,I-PER
8,Islamic,B-ORG
9,State,I-ORG
10,Iraqp,I-ORG
11,Torontos,B-ORG
12,Pride,I-ORG
13,Paradep,I-ORG
14,Marrakeshp,B-MISC
15,Canadap,B-MISC
16,Laurier,B-ORG
17,University,I-ORG
18,Centre,I-ORG
19,International,I-ORG
20,Governance,I-ORG
21,Innovationp,I-ORG
22,Poisoned,B-PER
23,Chalicep,I-PER
24,Twitter,B-ORG
25,DougSaundersp,I-ORG
26,Stephen,B-PER
27,Harper,I-PER
28,Fridayp,I-PER
29,Power,B-PER
30,Corporationp,I-PER
31,Bill,B-PER
32,Maherp,I-PER
33,McMaster,B-PER
34,Universityp,I-PER
35,Donald,B-PER
36,Trumpp,I-PER
37,Change,B-MISC
38,factsp,I-MISC
39,Conservative,B-MISC
40,Partyp,I-MISC
41,Hoover,B-ORG
42,Institution,I-ORG
43,Stanford,I-ORG
44,Universityp,I-ORG
45,University,B-ORG
46,Toronto,I-ORG
47,Faculty,I-ORG
48,Lawp,I-ORG
49,The,B-ORG
50,Canadap,I-ORG
51,CBC,B-ORG
52,Newsp,I-ORG
53,Californiap,B-MISC
54,Canadap,B-MISC
55,Obesity,B-PER
56,Networkp,I-PER
57,Middle,B-LOC
58,East,I-LOC
59,Africap,I-LOC
60,Canadap,B-MISC
61,Frenchp,B-MISC
62,Parliament,B-ORG
63,Hillp,I-ORG
64,York,B-ORG
65,Universityp,I-ORG
66,Canadap,B-MISC
67,Brussels,B-ORG
68,Parisp,I-ORG
69,MaryMargaret,B-PER
70,McMahonp,I-PER
71,First,B-ORG
72,concern,I-ORG
73,Ontariop,I-ORG
74,Syria,B-LOC
75,Iraqp,I-LOC
76,Ontariop,B-PER
77,Fourth,B-MISC
78,Estatep,I-MISC
79,Quebecp,B-MISC
80,Ottawap,B-PER
81,Summit,B-MISC
82,Seriesp,I-MISC
83,This,B-ORG
84,Americap,I-ORG
85,PSAsp,B-ORG
86,Skypep,B-PER
87,payingppDavid,B-ORG
88,Walmsley,I-ORG
89,EditorinChiefp,I-ORG
90,Justice,B-PER
91,Canadap,I-PER
92,Amenp,B-PER
93,John,B-PER
94,Toryp,I-PER
95,Conservative,B-ORG
96,Party,I-ORG
97,Canadap,I-ORG
98,Ottawap,B-PER
99,Ontariop,B-PER
100,Manning,B-ORG
101,Centre,I-ORG
102,Building,I-ORG
103,Democracyp,I-ORG
104,University,B-ORG
105,Calgaryp,I-ORG
106,Liberal,B-ORG
107,Party,I-ORG
108,Canadap,I-ORG
109,Canadian,B-ORG
110,Union,I-ORG
111,Postal,I-ORG
112,Workersp,I-ORG
113,Trudeau,B-ORG
114,Leader,I-ORG
115,Liberal,I-ORG
116,Party,I-ORG
117,Canadap,I-ORG
118,Natural,B-ORG
119,Resource,I-ORG
120,Jurisdiction,I-ORG
121,Canadap,I-ORG
122,Harperp,B-PER
123,Carleton,B-PER
124,Universityp,I-PER
125,polluterppDas,B-ORG
126,Auto,I-ORG
127,Das,I-ORG
128,Liepp,I-ORG
129,Albertap,B-ORG
130,Conservative,B-ORG
131,Partyp,I-ORG
132,Donald,B-PER
133,Trumpp,I-PER
134,ppFollow,B-PER
135,Twitterp,I-PER
136,Canadap,B-PER
137,possibleppFollow,B-PER
138,Twitterp,I-PER
139,Charlie,B-PER
140,Mungerp,I-PER
141,University,B-ORG
142,Torontop,I-ORG
143,Order,B-MISC
144,Canada,I-MISC
145,Order,I-MISC
146,Ontariop,I-MISC
147,Rob,B-PER
148,Fordp,I-PER
149,Canadap,B-MISC
150,Christmasp,B-MISC
151,Trumanp,B-MISC
152,Vladimir,B-PER
153,Putinismp,I-PER
154,Pissing,B-PER
155,Off,I-LOC
156,Strongwilled,I-LOC
157,People,I-LOC
158,With,I-LOC
159,Lot,I-LOC
160,Public,I-LOC
161,Goodwill,I-LOC
162,examplep,I-LOC
163,Plan,B-MISC
164,That,I-MISC
165,Makes,I-MISC
166,Sense,I-MISC
167,Enough,I-MISC
168,saidp,I-MISC
169,Katherine,B-PER
170,ONeillp,I-PER
171,Canadiansp,B-MISC
172,Shaista,B-ORG
173,Aziz,I-ORG
174,Twitter,I-ORG
175,shaistaAziz,I-ORG
176,Manning,B-ORG
177,Centre,I-ORG
178,Building,I-ORG
179,Democracyp,I-ORG
180,University,B-ORG
181,Torontop,I-ORG
182,Progressive,B-ORG
183,Conservative,I-ORG
184,Partyp,I-ORG
185,Stockwell,B-ORG
186,Day,I-ORG
187,Preston,I-ORG
188,Manningp,I-ORG
189,Dalhousie,B-PER
190,Universityp,I-PER
191,ChampsElysees,B-PER
192,Aprilp,I-PER
193,University,B-ORG
194,British,I-ORG
195,Columbias,I-ORG
196,Vancouver,I-ORG
197,School,I-ORG
198,Economicsp,I-ORG
199,University,B-ORG
200,British,I-ORG
201,Columbias,I-ORG
202,Vancouver,I-ORG
203,School,I-ORG
204,Economicsp,I-ORG
205,Steven,B-PER
206,Kennedyp,I-PER
207,McGill,B-PER
208,Universityp,I-PER
209,Twitter,B-LOC
210,EmmMacfarlanep,I-LOC
211,Jays,B-ORG
212,Canadap,I-ORG
213,Mad,B-ORG
214,Maxp,I-ORG
215,Radio,B-ORG
216,Priestp,I-ORG
217,Genevap,B-ORG
218,Battle,B-ORG
219,Tunneys,I-ORG
220,Pasturep,I-ORG
221,House,B-ORG
222,Anansi,I-ORG
223,Publicationp,I-ORG
224,Jean,B-PER
225,Chretien,I-PER
226,Paul,I-PER
227,Martinp,I-PER
228,Ontariop,B-PER
229,Vagina,B-ORG
230,New,I-ORG
231,Biographyp,I-ORG
232,Liberal,B-ORG
233,Party,I-ORG
234,Canadap,I-ORG
235,Vancouverp,B-LOC
236,Welcome,B-ORG
237,Cultural,I-ORG
238,Revolutionp,I-ORG
239,HarperCollins,B-ORG
240,Canadap,I-ORG
241,Tuesdayp,B-MISC
242,Reichp,B-MISC
243,Ill,B-PER
244,Hadrienp,I-PER
245,Canadian,B-ORG
246,Taxpayers,I-ORG
247,Federationp,I-ORG
248,Vagina,B-ORG
249,New,I-ORG
250,Biographyp,I-ORG
251,Twitter,B-PER
252,GlobeBoomersp,I-PER
253,Ottawap,B-LOC
254,Fordp,B-PER
255,Baird,B-ORG
256,Foreign,I-ORG
257,Affairs,I-ORG
258,Ministerp,I-PER
259,United,B-ORG
260,Steelworkers,I-ORG
261,Canadiansp,B-MISC
262,Canadap,B-MISC
263,UBC,B-ORG
264,Press,I-ORG
265,Twitter,I-ORG
266,EmmMacfarlanep,I-ORG
267,Federation,B-ORG
268,Humanities,I-ORG
269,Social,I-ORG
270,Sciencesp,I-ORG
271,Torontop,B-PER
272,awayppFollow,B-LOC
273,Twitterp,I-LOC
274,CIPS,B-ORG
275,Blogp,I-ORG
276,Universite,B-ORG
277,Monctonp,I-ORG
278,Honor,B-PER
279,Diariesp,I-PER
280,McGill,B-PER
281,Universityp,I-PER
282,Charterp,B-LOC
283,Edward,B-PER
284,Island,I-PER
285,Europesp,B-MISC
286,University,B-ORG
287,Manitobap,I-ORG
288,University,B-ORG
289,Torontop,I-ORG
290,Ontariop,B-PER
291,ppFollow,B-PER
292,Twitterp,I-PER
293,Mike,B-PER
294,von,I-PER
295,Massowp,I-PER
296,Angela,B-PER
297,Merkelp,I-PER
298,Conservative,B-ORG
299,NDPp,I-ORG
300,ppFollow,B-PER
301,Twitterp,I-PER
302,Cambridge,B-ORG
303,University,I-ORG
304,Pressp,I-ORG
305,Masseysp,B-MISC
306,Gilbert,B-ORG
307,University,I-ORG
308,Research,I-ORG
309,Chair,I-ORG
310,Creative,I-ORG
311,Writing,I-ORG
312,Theatre,I-ORG
313,Studies,I-ORG
314,University,I-ORG
315,Guelphp,I-ORG
316,Canada,B-ORG
317,Research,I-ORG
318,Chair,I-ORG
319,Global,I-ORG
320,Politics,I-ORG
321,International,I-ORG
322,Law,I-ORG
323,University,I-ORG
324,British,I-ORG
325,Columbiap,I-ORG
326,German,B-ORG
327,Marshall,I-ORG
328,Fund,I-ORG
329,Washingtonp,I-ORG
330,Environics,B-PER
331,Institutep,I-PER
332,Donald,B-PER
333,Trumpp,I-PER
334,Canadian,B-ORG
335,Institute,I-ORG
336,Identities,I-ORG
337,Migrationp,I-ORG
338,New,B-ORG
339,Yearp,I-ORG
340,Canadian,B-ORG
341,Association,I-ORG
342,Petroleum,I-ORG
343,Producersp,I-ORG
344,Russia,B-ORG
345,Arctic,I-ORG
346,MacdonaldLaurier,I-ORG
347,Institute,I-ORG
348,Ottawap,I-ORG
349,Brian,B-PER
350,Mulroneyp,I-PER
351,MMPp,B-ORG
352,Syndicatep,B-MISC
353,Will,B-PER
354,Blasio,I-PER
355,Bloombergp,I-PER
356,Ryerson,B-PER
357,Universityp,I-PER
358,Ontariop,B-PER
359,Twitter,B-PER
360,EmmMacfarlanep,I-PER
361,Liberalsp,B-PER
362,Canadap,B-MISC
363,Justin,B-PER
364,Trudeaup,I-PER
365,New,B-ORG
366,Brunswickp,I-ORG
367,McGill,B-PER
368,Universityp,I-PER
369,Dalhousie,B-PER
370,Universityp,I-PER
371,Manning,B-ORG
372,Centre,I-ORG
373,Building,I-ORG
374,Democracyp,I-ORG
375,Prisoner,B-ORG
376,Tehran,I-ORG
377,After,I-ORG
378,Tehranp,I-ORG
379,University,B-ORG
380,Calgary,I-ORG
381,School,I-ORG
382,Public,I-ORG
383,Policyp,I-ORG
384,Ottawap,B-MISC
385,Islamp,B-MISC
386,Centre,B-ORG
387,Medicine,I-ORG
388,Ethics,I-ORG
389,Law,I-ORG
390,McGill,I-ORG
391,Universityp,I-ORG
392,Indian,B-ORG
393,Horsep,I-ORG
394,Montreals,B-PER
395,Pressep,I-PER
396,Stratford,B-LOC
397,Festivals,I-LOC
398,Avon,I-LOC
399,Theatre,I-LOC
400,John,I-LOC
401,Ralston,I-LOC
402,Saul,I-LOC
403,author,I-LOC
404,Fair,I-LOC
405,Country,I-LOC
406,Telling,I-LOC
407,Truths,I-LOC
408,Canadap,I-LOC
409,CBC,B-ORG
410,Television,I-ORG
411,Exhibit,I-ORG
412,Canadap,B-MISC
413,Philippe,B-PER
414,talkp,I-PER
415,Trumpp,B-PER
416,Commonwealth,B-ORG
417,Pitt,I-ORG
418,Scholar,I-ORG
419,Cambridge,I-ORG
420,Universityp,I-ORG
421,Max,B-PER
422,Cohen,I-PER
423,Lara,I-PER
424,David,B-PER
425,Mulderp,I-PER
426,Greecep,B-PER
427,ppFollow,B-PER
428,Twitterp,I-PER
429,Centre,B-ORG
430,Natural,I-ORG
431,Resources,I-ORG
432,Policy,I-ORG
433,Canada,I-ORG
434,West,I-ORG
435,Foundation,I-ORG
436,Calgaryp,I-ORG
437,Saskatchewan,B-ORG
438,Population,I-ORG
439,Health,I-ORG
440,Evaluation,I-ORG
441,Research,I-ORG
442,Unitp,I-ORG
443,Ukrainep,B-MISC
444,Ontariop,B-PER
445,Nobel,B-MISC
446,Peace,I-MISC
447,Prizep,I-MISC
448,University,B-PER
449,Ottawapp,I-PER
450,Trumpp,B-PER
451,Will,B-ORG
452,Ontario,I-ORG
453,Quebecp,I-ORG
454,Quebecp,B-MISC
455,Ontariop,B-PER
456,PMp,B-MISC
457,Carleton,B-PER
458,Universityp,I-PER
459,Castros,B-PER
460,Cubap,I-PER
461,Letourneau,B-ORG
462,Canada,I-ORG
463,Research,I-ORG
464,Chair,I-ORG
465,Contemporary,I-ORG
466,Quebec,I-ORG
467,History,I-ORG
468,Laval,I-ORG
469,Universityp,I-ORG
470,School,B-ORG
471,Public,I-ORG
472,Policy,I-ORG
473,Queens,I-ORG
474,Universityp,I-ORG
475,Scotchp,B-MISC
476,Novemberpp,B-MISC
477,PMp,B-MISC
478,Dalhousie,B-ORG
479,University,I-ORG
480,Halifaxp,I-ORG
481,Twitterp,B-PER
482,Daily,B-ORG
483,Beastp,I-ORG
484,Canadians,B-MISC
485,Albertansp,I-MISC
486,Conservative,B-ORG
487,MPs,I-ORG
488,Baird,I-ORG
489,MacKayp,I-ORG
490,Justin,B-PER
491,Trudeaup,I-PER
492,Democratizing,B-ORG
493,Constitution,I-ORG
494,Reforming,I-ORG
495,Responsible,I-ORG
496,Governmentp,I-ORG
497,Jim,B-PER
498,Flahertyp,I-PER
499,United,B-ORG
500,StatesppppProject,I-ORG
501,Syndicatep,I-ORG
502,Regent,B-PER
503,Collegep,I-PER
504,Canadianp,B-MISC
505,Cant,B-ORG
506,Buy,I-ORG
507,Lovep,I-ORG
508,Political,B-ORG
509,Science,I-ORG
510,University,I-ORG
511,Northern,I-ORG
512,British,I-ORG
513,Columbiap,I-ORG
514,NATORussian,B-MISC
515,Relations,I-MISC
516,TwentyFirst,I-MISC
517,Centuryp,I-MISC
518,BMO,B-ORG
519,Capital,I-ORG
520,Marketsp,I-ORG
521,Twitter,B-LOC
522,EmmMacfarlanep,I-LOC
523,Marco,B-MISC
524,super,I-MISC
525,Tuesdayp,I-MISC
526,Brian,B-PER
527,Mulroneyp,I-PER
528,Conservative,B-ORG
529,Partyp,I-ORG
530,Brock,B-PER
531,Universityp,I-PER
532,UBC,B-ORG
533,Pressp,I-ORG
534,Ryerson,B-PER
535,Universityp,I-PER
536,This,B-MISC
537,Crazy,I-MISC
538,Time,I-MISC
539,Living,I-MISC
540,Our,I-MISC
541,Environmental,I-MISC
542,Challengep,I-MISC
543,Lindsay,B-PER
544,Lohanp,I-PER
545,North,B-LOC
546,Asiap,I-LOC
547,CBCp,B-ORG
548,Whispering,B-ORG
549,PinesClinton,I-ORG
550,Indian,I-ORG
551,Bandp,I-ORG
552,Jewish,B-ORG
553,People,I-ORG
554,Policy,I-ORG
555,Institute,I-ORG
556,Jerusalemp,I-ORG
557,Brookings,B-PER
558,Institutionp,I-PER
559,ForestEthics,B-PER
560,Advocacyp,I-PER
561,Notley,B-PER
562,Clarksp,I-PER
563,Centre,B-ORG
564,Professional,I-ORG
565,Applied,I-ORG
566,Ethics,I-ORG
567,University,I-ORG
568,Manitobap,I-ORG
569,Union,B-ORG
570,Jackp,I-ORG
571,Montreals,B-PER
572,Pressep,I-PER
573,National,B-ORG
574,Task,I-ORG
575,Force,I-ORG
576,Holocaust,I-ORG
577,Education,I-ORG
578,Remembrance,I-ORG
579,Researchp,I-ORG
580,Canadap,B-ORG
581,Syndicatep,B-MISC
582,Ontariop,B-PER
583,Department,B-ORG
584,Canadian,I-ORG
585,Heritage,I-ORG
586,Sangwoo,B-LOC
587,Youtong,I-LOC
588,Chee,I-LOC
589,Professor,I-LOC
590,Theology,I-LOC
591,Culture,I-LOC
592,Regent,I-LOC
593,College,I-LOC
594,Vancouver,I-LOC
595,His,I-LOC
596,recent,I-LOC
597,book,I-LOC
598,Can,B-MISC
599,God,I-MISC
600,Trusted,I-MISC
601,Faith,I-MISC
602,Challenge,I-MISC
603,Evilp,I-MISC
604,Canadian,B-MISC
605,LNG,I-MISC
606,Export,I-MISC
607,Dream,I-MISC
608,Deadp,I-MISC
609,Adam,B-PER
610,Jonesp,I-PER
611,Calgaryp,B-ORG
612,Indian,B-ORG
613,Horsep,I-ORG
614,Canadian,B-ORG
615,International,I-ORG
616,Councilp,I-ORG
617,University,B-PER
618,Torontop,I-PER
619,Denmarkp,B-LOC
620,Ottawap,B-ORG
621,Canadian,B-PER
622,Biographyp,I-PER
623,Carleton,B-PER
624,Universityp,I-PER
625,Program,B-ORG
626,Emergencies,I-ORG
627,division,I-ORG
628,Human,I-ORG
629,Rights,I-ORG
630,Watchp,I-ORG
631,Readyp,B-MISC
632,Alberta,B-ORG
633,Westp,I-ORG
634,First,B-ORG
635,Look,I-ORG
636,Mediap,I-ORG
637,Canadiansp,B-MISC
638,Ontarios,B-ORG
639,Office,I-ORG
640,Leader,I-ORG
641,Oppositionp,I-ORG
642,Canadiansp,B-MISC
643,ppFollow,B-PER
644,Twitterp,I-PER
645,YesToPSAp,B-MISC
646,Ottawap,B-ORG
647,Atheist,B-PER
648,Freethinkersp,I-PER
649,Canadap,B-ORG
650,Conclusionp,B-MISC
651,Royal,B-PER
652,Universityp,I-PER
653,Oopsp,B-MISC
654,itppFollow,B-MISC
655,Twitterp,I-MISC
656,SOSp,B-MISC
657,SIUp,B-ORG
658,Parliamentp,B-MISC
659,Space,B-MISC
660,For,I-MISC
661,All,I-MISC
662,Where,I-MISC
663,The,I-MISC
664,CBC,I-MISC
665,Used,I-MISC
666,Bep,I-MISC
667,Yesp,B-PER
668,United,B-PER
669,Nationsp,I-PER
670,Syriap,B-ORG
671,The,B-ORG
672,Secret,I-ORG
673,Life,I-ORG
674,Teenagersp,I-ORG
675,Housep,B-PER
676,Dalhousie,B-ORG
677,University,I-ORG
678,Halifaxp,I-ORG
679,Trumpp,B-PER
680,University,B-PER
681,Windsorp,I-PER
682,Sara,B-ORG
683,Corning,I-ORG
684,Centre,I-ORG
685,Genocide,I-ORG
686,Educationp,I-ORG
687,Dead,B-ORG
688,Centre,I-ORG
689,Hope,I-ORG
690,Possibility,I-ORG
691,Unity,I-ORG
692,Canadian,I-ORG
693,Progressivesp,I-ORG
694,Harpers,B-PER
695,Magazinep,I-PER
696,dayppDougSaundersp,B-MISC
697,Harvard,B-ORG
698,Law,I-ORG
699,Schoolp,I-ORG
700,Ukrainep,B-MISC
701,Dickensp,B-PER
702,Guantanamop,B-PER
703,University,B-ORG
704,Torontop,I-ORG
705,Donald,B-PER
706,Trumpp,I-PER
707,Democratizing,B-ORG
708,Constitution,I-ORG
709,Reforming,I-ORG
710,Responsible,I-ORG
711,Governmentp,I-ORG
712,Universite,B-ORG
713,Laval,I-ORG
714,Quebec,I-ORG
715,Cityp,I-ORG
716,Asiap,B-MISC
717,Parliamentp,B-MISC
718,Justin,B-PER
719,Trudeaup,I-PER
720,Africap,B-MISC
721,Bashar,B-MISC
722,alAssadppppProject,I-MISC
723,Syndicatep,I-MISC
724,Carleton,B-PER
725,Universityp,I-PER
726,The,B-ORG
727,Globe,I-ORG
728,Mailp,I-ORG
729,Unruly,B-ORG
730,Voices,I-ORG
731,Essays,I-ORG
732,Democracy,I-ORG
733,Civility,I-ORG
734,Human,I-ORG
735,Imaginationp,I-ORG
736,Clintonp,B-PER
737,Geography,B-ORG
738,Environmental,I-ORG
739,Studies,I-ORG
740,Western,I-ORG
741,Washington,I-ORG
742,Universityp,I-ORG
743,Charter,B-ORG
744,Supreme,I-ORG
745,Courtp,I-ORG
746,University,B-ORG
747,Torontop,I-ORG
748,McGill,B-PER
749,Universityp,I-PER
750,Viable,B-ORG
751,Path,I-ORG
752,Senate,I-ORG
753,Reformp,I-ORG
754,Princeton,B-PER
755,Universityp,I-PER
756,New,B-ORG
757,Democrats,I-ORG
758,What,I-ORG
759,forp,I-ORG
760,Shades,B-MISC
761,Gradingp,I-MISC
762,University,B-PER
763,Torontop,I-PER
764,University,B-ORG
765,Saskatchewan,I-ORG
766,Wilfrid,B-PER
767,Laurier,I-PER
768,Universityp,I-PER
769,Earthp,B-PER
770,Parliamentp,B-MISC
771,Statistics,B-PER
772,Canadap,I-PER
773,Canadianp,B-MISC
774,Dalhousie,B-ORG
775,University,I-ORG
776,Halifaxp,I-ORG
777,Concrete,B-PER
778,Ladyp,I-PER
779,Andre,B-PER
780,Picardp,I-PER
781,Centre,B-ORG
782,International,I-ORG
783,Governance,I-ORG
784,Innovationp,I-ORG
785,Fellow,B-ORG
786,Howe,I-ORG
787,Institute,I-ORG
788,Torontop,I-ORG
789,Vancouver,B-ORG
790,City,I-ORG
791,Councillorp,I-ORG
792,National,B-ORG
793,Democratic,I-ORG
794,Institute,I-ORG
795,Libyap,I-ORG
796,West,B-LOC
797,Africansp,I-LOC
798,Octoberp,B-PER
799,Davis,B-ORG
800,Center,I-ORG
801,Harvard,I-ORG
802,Universityp,I-ORG
803,Crimean,B-LOC
804,Khanatep,I-LOC
805,Balsillie,B-LOC
806,School,I-LOC
807,University,I-LOC
808,Waterloo,I-LOC
809,Andrew,I-LOC
810,Weaver,I-LOC
811,Lansdowne,I-LOC
812,Professor,I-LOC
813,School,I-LOC
814,Earth,I-LOC
815,Ocean,I-LOC
816,Sciences,I-LOC
817,University,I-LOC
818,Victoria,I-LOC
819,Green,I-LOC
820,Party,I-LOC
821,MLAp,I-LOC
822,Frontier,B-ORG
823,Justice,I-ORG
824,The,I-ORG
825,Global,I-ORG
826,Refugee,I-ORG
827,Crisis,I-ORG
828,What,I-ORG
829,About,I-ORG
830,Itp,I-ORG
831,Jean,B-PER
832,Vanier,I-PER
833,Logician,I-PER
834,Heartp,I-PER
835,Environics,B-PER
836,Institutep,I-PER
837,Universitys,B-ORG
838,Centre,I-ORG
839,International,I-ORG
840,Policy,I-ORG
841,Studiesp,I-ORG
842,DoerppFollow,B-ORG
843,Twitterp,I-ORG
844,Penguin,B-ORG
845,Canadap,I-ORG
846,Donald,B-PER
847,Trumpp,I-PER
848,ppFollow,B-PER
849,Twitterp,I-PER
850,Earth,B-ORG
851,Ottawap,I-ORG
852,ppFollow,B-PER
853,Twitterp,I-PER
854,ppFollow,B-PER
855,Twitterpparadwanskip,I-PER
856,Double,B-ORG
857,Exposurep,I-ORG
858,Canadian,B-MISC
859,Literature,I-MISC
860,Universite,I-MISC
861,Monctonp,I-MISC
862,Howe,B-PER
863,Institutep,I-PER
864,Graduate,B-LOC
865,School,I-LOC
866,Public,I-LOC
867,International,I-LOC
868,Affairs,I-LOC
869,University,I-LOC
870,Ottawa,I-LOC
871,Annenberg,I-LOC
872,Distinguished,I-LOC
873,Visited,I-LOC
874,Fellow,I-LOC
875,Hoover,I-LOC
876,Institution,I-LOC
877,Stanford,I-LOC
878,Universityp,I-LOC
879,Sprott,B-ORG
880,School,I-ORG
881,Business,I-ORG
882,Carleton,I-ORG
883,Universityp,I-ORG
884,Canadappyvesboisvertlapressecap,B-MISC
885,Iraq,B-ORG
886,Iranp,I-ORG
887,First,B-PER
888,Nationsp,I-PER
889,Canadiansp,B-MISC
890,Bloc,B-ORG
891,Quebecoisp,I-ORG
892,Carleton,B-PER
893,Universityp,I-PER
894,Westernp,B-PER
895,Stephen,B-PER
896,Harperp,I-PER
897,Canadian,B-ORG
898,Global,I-ORG
899,Affairs,I-ORG
900,Institutep,I-ORG
901,familiarppppppppFollow,B-MISC
902,Twitterpppp,I-MISC
903,What,B-ORG
904,Government,I-ORG
905,Good,I-ORG
906,Canadian,I-ORG
907,Answerp,I-ORG
908,Howe,B-PER
909,Institutep,I-PER
910,The,B-LOC
911,Love,I-LOC
912,Market,I-LOC
913,What,I-LOC
914,You,I-LOC
915,Need,I-LOC
916,Know,I-LOC
917,About,I-LOC
918,How,I-LOC
919,Date,I-LOC
920,Mate,I-LOC
921,Marry,I-LOC
922,She,I-LOC
923,teach,I-LOC
924,University,I-LOC
925,British,I-LOC
926,Columbias,I-LOC
927,Vancouver,I-LOC
928,School,I-LOC
929,Economicsp,I-LOC
930,Canadiansp,B-MISC
931,Howe,B-PER
932,Institutep,I-PER
933,Hill,B-PER
934,Billp,I-PER
935,University,B-PER
936,Calgaryp,I-PER
937,Dalhousie,B-PER
938,Universityp,I-PER
939,American,B-MISC
940,Civil,I-MISC
941,War,I-MISC
942,Forged,I-MISC
943,Nationp,I-MISC
944,Globe,B-ORG
945,BCp,I-ORG
946,Ministers,B-PER
947,Officep,I-PER
948,Kensington,B-LOC
949,Marketp,I-LOC
950,Canadas,B-PER
951,Parliamentp,I-PER
952,Carleton,B-PER
953,Universityp,I-PER
954,Wilfrid,B-PER
955,Laurier,I-PER
956,Carole,B-PER
957,Popep,I-PER
958,University,B-ORG
959,Torontop,I-ORG
960,United,B-ORG
961,Nations,I-ORG
962,Water,I-ORG
963,Life,I-ORG
964,Decade,I-ORG
965,memberof,I-ORG
966,Forum,I-ORG
967,Leadership,I-ORG
968,Water,I-ORG
969,worldppFollow,B-ORG
970,Twitterp,I-ORG
971,University,B-ORG
972,Calgary,I-ORG
973,School,I-ORG
974,Public,I-ORG
975,Policyp,I-ORG
976,Baltic,B-LOC
977,Republicsp,I-LOC
978,Jones,B-LOC
979,Associate,I-LOC
980,Professor,I-LOC
981,Graduate,I-LOC
982,School,I-LOC
983,Public,I-LOC
984,International,I-LOC
985,Affairs,I-LOC
986,University,I-LOC
987,Ottawa,I-LOC
988,Annenberg,I-LOC
989,Distinguished,I-LOC
990,Visiting,I-LOC
991,Fellow,I-LOC
992,Hoover,I-LOC
993,Institution,I-LOC
994,Stanford,I-LOC
995,Universityp,I-LOC
996,Trudeaup,B-MISC
997,University,B-ORG
998,Torontop,I-ORG
999,Good,B-ORG
1000,luck,I-ORG
1001,Putins,I-ORG
1002,Russiap,I-ORG
1003,University,B-ORG
1004,Winnipegp,I-ORG
1005,The,B-LOC
1006,Nature,I-LOC
1007,Things,I-LOC
1008,Jan,I-LOC
1009,CBCTVp,I-LOC
1010,Science,B-ORG
1011,Technology,I-ORG
1012,Innovation,I-ORG
1013,Councilp,I-ORG
1014,FrancesWoolleyp,B-MISC
1015,implicationsppFollow,B-MISC
1016,Twitter,I-MISC
1017,DougSaundersp,I-MISC
1018,McGill,B-PER
1019,Universityp,I-PER
1020,Trumpp,B-PER
1021,Yale,B-ORG
1022,University,I-ORG
1023,Pressp,I-ORG
1024,Junep,B-PER
1025,Duss,B-ORG
1026,National,I-ORG
1027,Security,I-ORG
1028,Policy,I-ORG
1029,Analyst,I-ORG
1030,Center,I-ORG
1031,American,I-ORG
1032,Progress,I-ORG
1033,Action,I-ORG
1034,Fund,I-ORG
1035,Washingtonp,I-ORG
1036,Donner,B-PER
1037,Prizep,I-PER
1038,Royal,B-ORG
1039,Military,I-ORG
1040,College,I-ORG
1041,Canadap,I-ORG
1042,Canadapp,B-MISC
1043,Riop,B-ORG
1044,What,B-MISC
1045,Ifp,I-MISC
1046,Angus,B-PER
1047,Reid,I-PER
1048,Globalp,I-PER
1049,Ottawap,B-ORG
1050,New,B-ORG
1051,Brunswickp,I-ORG
1052,Whatever,B-MISC
1053,Happened,I-MISC
1054,Music,I-MISC
1055,Teacher,I-MISC
1056,How,I-MISC
1057,Government,I-MISC
1058,Decides,I-MISC
1059,Whyp,I-MISC
1060,Pierre,B-PER
1061,Trudeaup,I-PER
1062,Europep,B-ORG
1063,pastppFollow,B-PER
1064,Twitterp,I-PER
1065,Ontariop,B-PER
1066,ppFollow,B-PER
1067,Twitterppgarymasonglobep,I-PER
1068,Great,B-LOC
1069,Britain,I-LOC
1070,Northern,I-LOC
1071,Irelandp,I-LOC
1072,Ainchut,B-ORG
1073,Atleo,I-ORG
1074,National,I-ORG
1075,Chief,I-ORG
1076,Assembly,I-ORG
1077,First,I-ORG
1078,Nationsp,I-ORG
1079,Bill,B-PER
1080,C51p,I-PER
1081,Novemberp,B-MISC
1082,thatppFollow,B-PER
1083,Twitterp,I-PER
1084,SaanichGulf,B-PER
1085,Islandsp,I-PER
1086,University,B-ORG
1087,Melbournep,I-ORG
1088,Affairsp,B-PER
1089,United,B-ORG
1090,Statesp,I-ORG
1091,University,B-ORG
1092,British,I-ORG
1093,Columbias,I-ORG
1094,Vancouver,I-ORG
1095,School,I-ORG
1096,Economicsp,I-ORG
1097,After,B-PER
1098,BlackBerryp,I-PER
1099,Syriansp,B-MISC
1100,Centro,B-PER
1101,Foxp,I-PER
1102,Justice,B-ORG
1103,Conflictp,I-ORG
1104,Canadianp,B-MISC
1105,Syndicatep,B-MISC
1106,ppFollow,B-PER
1107,Twitterp,I-PER
1108,American,B-MISC
1109,Dreamp,I-MISC
1110,Canadap,B-MISC
1111,New,B-LOC
1112,Delhip,I-LOC
1113,Long,B-MISC
1114,Shadows,I-MISC
1115,Truth,I-MISC
1116,Lies,I-MISC
1117,Historyp,I-MISC
1118,Hersip,B-MISC
1119,Carleton,B-PER
1120,Universityp,I-PER
1121,Canadian,B-MISC
1122,Confederationp,I-MISC
1123,Chamber,B-PER
1124,Commercep,I-PER
1125,Federation,B-ORG
1126,Humanities,I-ORG
1127,Social,I-ORG
1128,Sciencesp,I-ORG
1129,Canadap,B-MISC
1130,Dark,B-PER
1131,Agesp,I-PER
1132,Lonely,B-ORG
1133,Learning,I-ORG
1134,Live,I-ORG
1135,Solitudep,I-ORG
1136,Balsillie,B-ORG
1137,School,I-ORG
1138,International,I-ORG
1139,Affairs,I-ORG
1140,University,I-ORG
1141,Waterloop,I-ORG
1142,The,B-ORG
1143,Economistp,I-ORG
1144,Justin,B-PER
1145,Trudeau,I-PER
1146,Barack,I-PER
1147,Obamap,I-PER
1148,Ottawap,B-PER
1149,University,B-ORG
1150,Torontop,I-ORG
1151,Canadap,B-MISC
1152,McGill,B-PER
1153,Universityp,I-PER
1154,Ottawap,B-PER
1155,timeppFollow,B-PER
1156,Twitterp,I-PER
1157,Carole,B-PER
1158,Taylorp,I-PER
1159,Free,B-ORG
1160,Parkingp,I-ORG
1161,Americap,B-MISC
1162,ppFollow,B-ORG
1163,Twitterp,I-ORG
1164,Obamap,B-MISC
1165,Divinity,B-PER
1166,Schoolp,I-PER
1167,Clintonsp,B-MISC
1168,The,B-ORG
1169,Way,I-ORG
1170,Out,I-ORG
1171,New,I-ORG
1172,Thinking,I-ORG
1173,Aboriginal,I-ORG
1174,Engagement,I-ORG
1175,Energy,I-ORG
1176,Infrastructure,I-ORG
1177,West,I-ORG
1178,Coastp,I-ORG
1179,Maytree,B-PER
1180,Foundationp,I-PER
1181,Tunagate,B-MISC
1182,Shawinigate,I-MISC
1183,Where,I-MISC
1184,nowp,I-MISC
1185,Conservative,B-ORG
1186,Party,I-ORG
1187,convention,I-ORG
1188,Saturdayp,I-ORG
1189,Mediterraneanp,B-LOC
1190,United,B-PER
1191,Nationsp,I-PER
1192,Conservative,B-ORG
1193,Partyp,I-ORG
1194,Canadap,B-MISC
1195,Gall,B-ORG
1196,Legge,I-ORG
1197,Grant,I-ORG
1198,Munroe,I-ORG
1199,Vancouverp,I-ORG
1200,Americap,B-MISC
1201,University,B-ORG
1202,Torontop,I-ORG
1203,GTAp,B-ORG
1204,Ontariop,B-ORG
1205,United,B-ORG
1206,States,I-ORG
1207,Canadap,I-ORG
1208,enoughppFollow,B-PER
1209,Twitterp,I-PER
1210,Conservative,B-ORG
1211,Party,I-ORG
1212,Quebecp,I-ORG
1213,Torontop,B-PER
1214,Laurier,B-ORG
1215,University,I-ORG
1216,Centre,I-ORG
1217,International,I-ORG
1218,Governance,I-ORG
1219,Innovation,I-ORG
1220,Waterloop,I-ORG
1221,Canadiansp,B-MISC
1222,Ukrainep,B-ORG
1223,Northern,B-PER
1224,Bulletsp,I-PER
1225,Canadap,B-ORG
1226,OpenCanada,B-ORG
1227,Canadap,B-MISC
1228,Institute,B-PER
1229,CDFAIp,I-PER
1230,Blue,B-ORG
1231,Jaysp,I-ORG
1232,MacdonaldLaurier,B-PER
1233,Institutep,I-PER
1234,Heavycom,B-PER
1235,Politicop,I-PER
1236,Theriaultp,B-LOC
1237,Albertapremier,B-MISC
1238,Ralph,B-PER
1239,Kleinp,I-PER
1240,ppFollow,B-PER
1241,Twitterp,I-PER
1242,Ottawa,B-ORG
1243,Quebec,I-ORG
1244,Cityp,I-ORG
1245,Human,B-PER
1246,Rightsp,I-PER
1247,Nexenp,B-MISC
1248,ppFollow,B-PER
1249,Twitterp,I-PER
1250,Bilbao,B-ORG
1251,BCp,I-ORG
1252,Godp,B-MISC
1253,MacKay,B-PER
1254,PCsp,I-PER
1255,Hudson,B-PER
1256,Institutep,I-PER
1257,Twitter,B-PER
1258,DougSaundersp,I-PER
1259,Trumpp,B-PER
1260,Balsillie,B-ORG
1261,School,I-ORG
1262,University,I-ORG
1263,Waterloop,I-ORG
1264,Nineteen,B-MISC
1265,EightyFourp,I-MISC
1266,Universite,B-ORG
1267,Monctonp,I-ORG
1268,Januarypp,B-MISC
1269,ppFollow,I-MISC
1270,Twitterp,I-MISC
1271,Trudeau,B-PER
1272,Quebecp,I-PER
1273,Sergei,B-PER
1274,Magnitskyp,I-PER
1275,Context,B-ORG
1276,Sundays,I-ORG
1277,Global,I-ORG
1278,Vision,I-ORG
1279,TVp,I-ORG
1280,Survey,B-PER
1281,Researchp,I-PER
1282,School,B-ORG
1283,Public,I-ORG
1284,Policy,I-ORG
1285,University,I-ORG
1286,Calgaryp,I-ORG
1287,University,B-PER
1288,Ottawap,I-PER
1289,itppBetter,B-MISC
1290,Take,I-MISC
1291,adp,I-MISC
1292,Syndicatep,B-MISC
1293,Canadianp,B-MISC
1294,Uniforp,B-ORG
1295,Water,B-ORG
1296,Peace,I-ORG
1297,Warp,I-ORG
1298,Houses,B-ORG
1299,Congressp,I-ORG
1300,Ontario,B-ORG
1301,Human,I-ORG
1302,Rights,I-ORG
1303,Commissionp,I-ORG
1304,Centre,B-ORG
1305,Medicine,I-ORG
1306,Ethics,I-ORG
1307,Law,I-ORG
1308,McGill,I-ORG
1309,Universityp,I-ORG
1310,placeppSincerelyppMaryam,B-LOC
1311,Naquibullahpp,I-LOC
1312,Howe,B-PER
1313,Institutep,I-PER
1314,Screams,B-PER
1315,Whispersp,I-PER
1316,World,B-MISC
1317,Federalist,I-MISC
1318,MovementCanada,I-MISC
1319,World,I-MISC
1320,Peace,I-MISC
1321,Awardp,I-MISC
1322,Monsieur,B-PER
1323,Simpsonp,I-PER
1324,Dont,B-ORG
1325,sureppFollow,I-ORG
1326,Twitterp,I-ORG
1327,That,B-ORG
1328,unCanadianp,I-ORG
1329,Marcop,B-PER
1330,Council,B-ORG
1331,Canadiansp,I-ORG
1332,Hill,B-PER
1333,Timesp,I-PER
1334,Ontariop,B-ORG
1335,Quebecp,B-MISC
1336,Vagina,B-ORG
1337,New,I-ORG
1338,Biographyp,I-ORG
1339,United,B-ORG
1340,Statesp,I-ORG
1341,Freedom,B-ORG
1342,Wantp,I-ORG
1343,ppFollow,B-PER
1344,Twitterp,I-PER
1345,Wednesdayp,B-MISC
1346,University,B-ORG
1347,Calgaryp,I-ORG
1348,ppFollow,B-PER
1349,Twitterp,I-PER
1350,Montreal,B-ORG
1351,Economic,I-ORG
1352,Institutep,I-ORG
1353,Atlantic,B-ORG
1354,Canadap,I-ORG
1355,Centre,B-ORG
1356,Medicine,I-ORG
1357,Ethics,I-ORG
1358,Law,I-ORG
1359,McGill,I-ORG
1360,Universityp,I-ORG
1361,Welch,B-PER
1362,Bussieresp,I-PER
1363,Leader,B-ORG
1364,New,I-ORG
1365,Democratic,I-ORG
1366,Party,I-ORG
1367,Canadap,I-ORG
1368,BMO,B-ORG
1369,Financial,I-ORG
1370,Groupp,I-ORG
1371,Hollywoodp,B-MISC
1372,Get,B-ORG
1373,lostp,I-ORG
1374,Laurier,B-ORG
1375,University,I-ORG
1376,Centre,I-ORG
1377,International,I-ORG
1378,Governance,I-ORG
1379,Innovation,I-ORG
1380,Waterloo,I-ORG
1381,Ontp,I-ORG
1382,New,B-ORG
1383,Brunswickp,I-ORG
1384,Grade,B-ORG
1385,Canadap,B-PER
1386,Canadap,B-MISC
1387,Canadianp,B-MISC
1388,Neither,B-MISC
1389,Canadap,I-MISC
1390,CARP,B-ORG
1391,Canadian,I-ORG
1392,Association,I-ORG
1393,Retired,I-ORG
1394,Personsp,I-ORG
1395,Stanford,B-ORG
1396,Universitys,I-ORG
1397,Hoover,I-ORG
1398,Institutionp,I-ORG
1399,Rob,B-PER
1400,Fordp,I-PER
1401,Justine,B-PER
1402,Hunterp,I-PER
1403,Islamp,B-MISC
1404,Manning,B-ORG
1405,Foundation,I-ORG
1406,Democratic,I-ORG
1407,Educationp,I-ORG
1408,Bard,B-PER
1409,Collegep,I-PER
1410,ISp,B-MISC
1411,Canadiansp,B-MISC
1412,Bard,B-ORG
1413,College,I-ORG
1414,AnnandaleonHudson,I-ORG
1415,NYp,I-ORG
1416,Boy,B-ORG
1417,From,I-ORG
1418,Nowhere,I-ORG
1419,Life,I-ORG
1420,NinetyOne,I-ORG
1421,Countriesp,I-ORG
1422,Bell,B-ORG
1423,Telus,I-ORG
1424,Rogers,I-ORG
1425,Verizonp,I-ORG
1426,Ottawap,B-PER
1427,Homa,B-LOC
1428,Hoodfarp,I-LOC
1429,nowppppppppFollow,B-MISC
1430,Twitterppp,I-MISC
1431,Sao,B-ORG
1432,Paulo,I-ORG
1433,author,I-ORG
1434,Oil,I-ORG
1435,Democracy,I-ORG
1436,Venezuelap,I-ORG
1437,Corporate,B-ORG
1438,Knightsp,I-ORG
1439,That,B-ORG
1440,Canada,I-ORG
1441,But,I-ORG
1442,Chinap,I-ORG
1443,Syndicatep,B-MISC
1444,cryppFollow,B-PER
1445,Twitterp,I-PER
1446,Jedwab,B-ORG
1447,Executive,I-ORG
1448,Canadian,I-ORG
1449,Institute,I-ORG
1450,Identities,I-ORG
1451,Migration,I-ORG
1452,Association,I-ORG
1453,Canadian,I-ORG
1454,Studiesp,I-ORG
1455,Context,B-ORG
1456,Sundays,I-ORG
1457,Global,I-ORG
1458,Vision,I-ORG
1459,TVp,I-ORG
1460,PKPp,B-ORG
1461,Bala,B-LOC
1462,Professor,I-LOC
1463,Law,I-LOC
1464,Queens,I-LOC
1465,University,I-LOC
1466,coauthor,I-LOC
1467,Youth,I-LOC
1468,Criminal,I-LOC
1469,Justice,I-LOC
1470,Lawp,I-LOC
1471,Environmental,B-ORG
1472,Defence,I-ORG
1473,Canadap,I-ORG
1474,Ottawap,B-MISC
1475,Hardlyp,B-PER
1476,Islamic,B-ORG
1477,Statep,I-ORG
1478,United,B-PER
1479,Kingdomp,I-PER
1480,Union,B-LOC
1481,Stationp,I-LOC
1482,Sahelp,B-LOC
1483,Christianspp,B-MISC
1484,UBC,B-ORG
1485,Pressp,I-ORG
1486,Order,B-PER
1487,Canadap,I-PER
1488,Globe,B-ORG
1489,BCp,I-ORG
1490,Mintp,B-ORG
1491,Top,B-ORG
1492,Gun,I-ORG
1493,ppFollow,B-PER
1494,Twitterppgarymasonglobep,I-PER
1495,Canadian,B-ORG
1496,International,I-ORG
1497,Councilp,I-ORG
1498,Prairie,B-ORG
1499,Paper,I-ORG
1500,Ventures,I-ORG
1501,Incp,I-ORG
1502,Torontop,B-PER
1503,ppFollow,B-PER
1504,Twitterp,I-PER
1505,Novemberp,B-MISC
1506,Vagina,B-ORG
1507,New,I-ORG
1508,Biographyp,I-ORG
1509,Hoover,B-ORG
1510,Institution,I-ORG
1511,Stanford,I-ORG
1512,Universityp,I-ORG
1513,Council,B-ORG
1514,Protect,I-ORG
1515,Canadians,I-ORG
1516,Abroadp,I-ORG
1517,PhD,B-ORG
1518,McGillpp,I-ORG
1519,Canadap,B-MISC
1520,OpenCanada,B-ORG
1521,Stanford,B-ORG
1522,Universitys,I-ORG
1523,Hoover,I-ORG
1524,Institutionp,I-ORG
1525,Guantanamo,B-ORG
1526,Bay,I-ORG
1527,Cubap,I-ORG
1528,McGill,B-PER
1529,Universityp,I-PER
1530,Jeromes,B-ORG
1531,University,I-ORG
1532,University,I-ORG
1533,Waterloop,I-ORG
1534,Thanksgivingp,B-MISC
1535,Whateverp,B-PER
1536,Mark,B-PER
1537,Bonham,I-PER
1538,Centre,I-LOC
1539,Sexual,I-LOC
1540,Diversity,I-LOC
1541,Studies,I-LOC
1542,University,I-LOC
1543,Torontop,I-LOC
1544,The,B-ORG
1545,Real,I-ORG
1546,Retirementp,I-ORG
1547,Canadian,B-ORG
1548,Institute,I-ORG
1549,Identities,I-ORG
1550,Migrationp,I-ORG
1551,Washingtonbased,B-ORG
1552,Center,I-ORG
1553,American,I-ORG
1554,Progressp,I-ORG
1555,Pacific,B-ORG
1556,Future,I-ORG
1557,Energy,I-ORG
1558,Corp,I-ORG
1559,Pacific,I-ORG
1560,Energy,I-ORG
1561,Futuresp,I-ORG
1562,Quebecp,B-ORG
1563,Killaloe,B-ORG
1564,Sunrisep,I-ORG
1565,CBCp,B-MISC
1566,GRABishopp,B-MISC
1567,Canadiansp,B-MISC
1568,Parliamentp,B-PER
1569,Ottawap,B-PER
1570,Manning,B-ORG
1571,Centre,I-ORG
1572,Building,I-ORG
1573,Democracyp,I-ORG
1574,OpenCanadap,B-MISC
1575,Centre,B-ORG
1576,Global,I-ORG
1577,Relations,I-ORG
1578,Wilfrid,I-ORG
1579,Laurier,I-ORG
1580,Universityp,I-ORG
1581,Context,B-ORG
1582,Sundays,I-ORG
1583,Global,I-ORG
1584,Vision,I-ORG
1585,TVp,I-ORG
1586,The,B-ORG
1587,Globe,I-ORG
1588,Mailp,I-ORG
1589,Dancing,B-LOC
1590,Devil,I-LOC
1591,City,I-LOC
1592,God,I-LOC
1593,Rio,I-LOC
1594,Janeiro,I-LOC
1595,Brinkp,I-LOC
1596,New,B-PER
1597,Brunswickp,I-PER
1598,McGill,B-PER
1599,Universityp,I-PER
1600,Albertap,B-MISC
1601,Canadap,B-MISC
1602,Westp,B-MISC
1603,Canadap,B-MISC
1604,Journalism,B-PER
1605,Fellowp,I-PER
1606,Canadap,B-MISC
1607,Royal,B-PER
1608,Canadian,I-PER
1609,Navyp,I-PER
1610,Brock,B-ORG
1611,Universityp,I-ORG
1612,Torontop,B-ORG
1613,Saudi,B-ORG
1614,Arabiap,I-ORG
1615,NATO,B-ORG
1616,Afghanistan,I-LOC
1617,Fighting,I-LOC
1618,Together,I-LOC
1619,Fighting,I-LOC
1620,Alonep,I-LOC
1621,Aboriginal,B-MISC
1622,Industryp,I-MISC
1623,Time,B-ORG
1624,Rebootp,I-ORG
1625,Thank,B-ORG
1626,Tokyop,I-ORG
1627,University,B-PER
1628,Ottawap,I-PER
1629,Ontario,B-ORG
1630,Research,I-ORG
1631,Chair,I-ORG
1632,Public,I-ORG
1633,Policy,I-ORG
1634,Sustainable,I-ORG
1635,Energy,I-ORG
1636,University,I-ORG
1637,Waterloop,I-ORG
1638,Crown,B-LOC
1639,Manitoba,I-LOC
1640,Metis,I-LOC
1641,Federation,I-LOC
1642,Canadap,I-LOC
1643,Perseverep,B-MISC
1644,Mission,B-LOC
1645,Catholic,I-LOC
1646,Identity,I-LOC
1647,Sacred,I-LOC
1648,Heart,I-LOC
1649,University,I-LOC
1650,Fairfield,I-LOC
1651,Connp,I-LOC
1652,Iraqp,B-PER
1653,Sprott,B-ORG
1654,School,I-ORG
1655,Business,I-ORG
1656,Carleton,I-ORG
1657,Universityp,I-ORG
1658,Canadiansp,B-MISC
1659,University,B-PER
1660,Winnipegp,I-PER
1661,Psychology,B-PER
1662,Associationp,I-PER
1663,PressppAssociated,B-PER
1664,Pressp,I-PER
1665,Princeton,B-PER
1666,Universityp,I-PER
1667,Ontario,B-ORG
1668,Municipal,I-ORG
1669,Employees,I-ORG
1670,Retirement,I-ORG
1671,Systemp,I-ORG
1672,Clark,B-ORG
1673,Premier,I-ORG
1674,British,I-ORG
1675,Columbiap,I-ORG
1676,First,B-PER
1677,Nationsp,I-PER
1678,Thomson,B-ORG
1679,Reuters,I-ORG
1680,The,B-ORG
1681,Globe,I-ORG
1682,Mailp,I-ORG
1683,Thats,B-MISC
1684,British,I-MISC
1685,Columbiap,I-MISC
1686,Battle,B-ORG
1687,Atlanticp,I-ORG
1688,The,B-LOC
1689,Sun,I-LOC
1690,Climbs,I-LOC
1691,Slow,I-LOC
1692,The,I-LOC
1693,International,I-LOC
1694,Criminal,I-LOC
1695,Court,I-LOC
1696,Struggle,I-LOC
1697,Justicep,I-LOC
1698,aidppFollow,B-PER
1699,Twitterp,I-PER
1700,McGill,B-PER
1701,Universityp,I-PER
1702,School,B-ORG
1703,Policy,I-ORG
1704,Studies,I-ORG
1705,Queens,I-ORG
1706,Universityp,I-ORG
1707,Harperp,B-PER
1708,Maytree,B-PER
1709,Foundationp,I-PER
1710,Canadap,B-MISC
1711,Smith,B-PER
1712,Clarkp,I-PER
1713,Putin,B-ORG
1714,Assadp,I-ORG
1715,Canadap,B-PER
1716,Summit,B-MISC
1717,Seriesp,I-MISC
1718,International,B-ORG
1719,Air,I-ORG
1720,Transport,I-ORG
1721,Associationp,I-ORG
1722,Will,B-PER
1723,Canadiansp,I-PER
1724,Liberal,B-ORG
1725,group,I-ORG
1726,Enough,I-ORG
1727,enoughp,I-ORG
1728,Winner,B-MISC
1729,Take,I-MISC
1730,All,I-MISC
1731,Chinas,I-MISC
1732,Race,I-MISC
1733,Resources,I-MISC
1734,What,I-MISC
1735,Means,I-MISC
1736,Worldp,I-MISC
1737,Canadap,B-MISC
1738,London,B-ORG
1739,Metropolitan,I-ORG
1740,Policep,I-ORG
1741,Visiting,B-ORG
1742,Associate,I-ORG
1743,Centre,I-ORG
1744,International,I-ORG
1745,Policy,I-ORG
1746,Studies,I-ORG
1747,University,I-ORG
1748,Ottawap,I-ORG
1749,Manitobap,B-LOC
1750,Johnsp,B-PER
1751,Americasp,B-MISC
1752,Cambridge,B-ORG
1753,University,I-ORG
1754,Pressp,I-ORG
1755,Vancouverp,B-MISC
1756,Exactlyp,B-PER
1757,Mission,B-LOC
1758,Catholic,I-LOC
1759,Identity,I-LOC
1760,Sacred,I-LOC
1761,Heart,I-LOC
1762,University,I-LOC
1763,Fairfield,I-LOC
1764,Connp,I-LOC
1765,The,B-ORG
1766,New,I-ORG
1767,Economics,I-ORG
1768,The,I-ORG
1769,NHLp,I-ORG
1770,Health,B-PER
1771,Ontariop,I-PER
1772,Ryerson,B-PER
1773,Universityp,I-PER
1774,Metisp,B-ORG
1775,ppFollow,B-MISC
1776,Twitterp,I-MISC
1777,Environics,B-ORG
1778,Research,I-ORG
1779,Groupp,I-ORG
1780,The,B-ORG
1781,Globe,I-ORG
1782,Mailp,I-ORG
1783,Spyer,B-PER
1784,Windsorp,I-PER
1785,Reformp,B-ORG
1786,Quito,B-ORG
1787,Ecuadorp,I-ORG
1788,Canadap,B-MISC
1789,Hoover,B-ORG
1790,Institution,I-ORG
1791,Stanford,I-ORG
1792,Universityp,I-ORG
1793,ppFollow,B-PER
1794,Twitterp,I-PER
1795,Mission,B-LOC
1796,Catholic,I-LOC
1797,Identity,I-LOC
1798,Sacred,I-LOC
1799,Heart,I-LOC
1800,University,I-LOC
1801,Fairfield,I-LOC
1802,Connp,I-LOC
1803,Attawapiskats,B-MISC
1804,None,I-MISC
1805,emergedp,I-MISC
1806,University,B-ORG
1807,Waterloop,I-ORG
1808,poorppFollow,B-MISC
1809,Twitterp,I-MISC
1810,gamblesppFollow,B-PER
1811,Twitterp,I-PER
1812,Canadap,B-MISC
1813,Winnipegs,B-ORG
1814,Immaculate,I-ORG
1815,Relocationp,I-ORG
1816,Fort,B-PER
1817,Nelson,I-PER
1818,First,I-LOC
1819,Nationp,I-LOC
1820,Paul,B-PER
1821,Martinp,I-PER
1822,United,B-PER
1823,Statesp,I-PER
1824,Canadian,B-ORG
1825,Taxpayers,I-ORG
1826,Federationp,I-ORG
1827,Manning,B-ORG
1828,Centre,I-ORG
1829,Building,I-ORG
1830,Democracyp,I-ORG
1831,Canadian,B-MISC
1832,Geographic,I-MISC
1833,Educationp,I-MISC
1834,Canadap,B-MISC
1835,University,B-ORG
1836,Windsorp,I-ORG
1837,Weather,B-ORG
1838,Channel,I-ORG
1839,shouldhave,I-ORG
1840,Weather,I-ORG
1841,Networkp,I-ORG
1842,New,B-LOC
1843,Delhip,I-LOC
1844,Department,B-ORG
1845,Sociology,I-ORG
1846,McMaster,I-ORG
1847,Universityp,I-ORG
1848,The,B-ORG
1849,Rodeo,I-ORG
1850,Guide,I-ORG
1851,City,I-ORG
1852,Slickersp,I-ORG
1853,Sam,B-MISC
1854,Record,I-MISC
1855,Manp,I-MISC
1856,Sprott,B-ORG
1857,School,I-ORG
1858,Business,I-ORG
1859,Carleton,I-ORG
1860,Universityp,I-ORG
1861,Munk,B-ORG
1862,School,I-ORG
1863,Global,I-ORG
1864,Affairsp,I-ORG
1865,Donner,B-ORG
1866,Prize,I-ORG
1867,Public,I-ORG
1868,Policyp,I-ORG
1869,Indian,B-MISC
1870,Horsep,I-MISC
1871,Canadian,B-ORG
1872,Confederation,I-ORG
1873,North,I-ORG
1874,Americap,I-ORG
1875,Centre,B-ORG
1876,International,I-ORG
1877,Governance,I-ORG
1878,Innovation,I-ORG
1879,Brookings,I-ORG
1880,Institutionp,I-ORG
1881,Howe,B-PER
1882,Institutep,I-PER
1883,Harvard,B-ORG
1884,Universityp,I-ORG
1885,deserveppFollow,B-MISC
1886,Twitterp,I-MISC
1887,Asia,B-ORG
1888,Pacific,I-ORG
1889,Foundation,I-ORG
1890,Canadap,I-ORG
1891,Canadiansp,B-MISC
1892,Nobel,B-MISC
1893,Prizep,I-MISC
1894,Syndicatep,B-MISC
1895,ppFollow,B-PER
1896,Twitterp,I-PER
1897,Russian,B-MISC
1898,Presidentp,I-MISC
1899,Follow,B-ORG
1900,twitter,I-ORG
1901,GrantGordonp,I-ORG
1902,UBC,B-ORG
1903,Pressp,I-ORG
1904,Hudson,B-ORG
1905,Institutep,I-ORG
1906,Carleton,B-LOC
1907,University,I-LOC
1908,Senior,I-LOC
1909,Fellow,I-LOC
1910,Centre,I-LOC
1911,International,I-LOC
1912,Governance,I-LOC
1913,Innovation,I-LOC
1914,Waterloo,I-LOC
1915,Grassyp,B-PER
1916,AIB,B-ORG
1917,Fastp,I-ORG
1918,Manning,B-ORG
1919,Centre,I-ORG
1920,Building,I-ORG
1921,Democracyp,I-ORG
1922,Royal,B-ORG
1923,Society,I-ORG
1924,Canadap,I-ORG
1925,Context,B-ORG
1926,Sundays,I-ORG
1927,Global,I-ORG
1928,Vision,I-ORG
1929,TVp,I-ORG
1930,University,B-ORG
1931,Saskatchewanp,I-ORG
1932,Calgaryp,B-ORG
1933,Federation,B-ORG
1934,Humanities,I-ORG
1935,Social,I-ORG
1936,Sciencesp,I-ORG
1937,Ottawap,B-ORG
1938,Brock,B-PER
1939,Universityp,I-PER
1940,Universite,B-ORG
1941,Quebec,I-ORG
1942,Montrealp,I-ORG
1943,Environics,B-PER
1944,Institutep,I-PER
1945,West,B-LOC
1946,Hampsteadp,I-LOC
1947,University,B-ORG
1948,Calgaryp,I-ORG
1949,Boris,B-PER
1950,Nemtsovp,I-PER
1951,Pontifical,B-ORG
1952,Council,I-ORG
1953,Social,I-ORG
1954,Communicationsp,I-ORG
1955,Apple,B-ORG
1956,Indiap,I-ORG
1957,Pontifex,B-PER
1958,Twitterp,I-PER
1959,Hoover,B-ORG
1960,Institution,I-ORG
1961,Stanford,I-ORG
1962,Universityp,I-ORG
1963,Torontop,B-ORG
1964,Globe,B-ORG
1965,BCp,I-ORG
1966,Ottawap,B-PER
1967,Iranp,B-MISC
1968,Code,B-ORG
1969,Conduct,I-ORG
1970,Public,I-ORG
1971,Editorp,I-ORG
1972,University,B-ORG
1973,Calgarys,I-ORG
1974,School,I-ORG
1975,Public,I-ORG
1976,Policyp,I-ORG
1977,Sick,B-ORG
1978,Kidsp,I-ORG
1979,Brock,B-PER
1980,Universityp,I-PER
1981,Canadap,B-MISC
1982,Ukrainep,B-MISC
1983,ppFollow,B-PER
1984,Twitterppgarymasonglobep,I-PER
1985,Yesp,B-MISC
1986,University,B-ORG
1987,Torontop,I-ORG
1988,Sao,B-LOC
1989,Paulop,I-LOC
1990,Humber,B-ORG
1991,College,I-ORG
1992,University,I-ORG
1993,GuelphHumber,I-ORG
1994,Torontop,I-ORG
1995,Donner,B-ORG
1996,Prize,I-ORG
1997,Public,I-ORG
1998,Policyp,I-ORG
1999,Christmasp,B-MISC
2000,ETp,B-MISC
2001,Chechensp,B-PER
2002,Shamep,B-MISC
2003,University,B-PER
2004,Torontop,I-PER
2005,Duceppep,B-ORG
2006,Canadap,B-MISC
2007,Carleton,B-PER
2008,Universityp,I-PER
2009,Harper,B-PER
2010,Harperp,I-PER
2011,Ukrainian,B-PER
2012,Studiesp,I-PER
2013,Prairies,B-ORG
2014,Dirty,I-ORG
2015,Thirtiesp,I-ORG
2016,Europe,B-ORG
2017,Scotlandp,I-ORG
2018,University,B-ORG
2019,Torontop,I-ORG
2020,Thompson,B-ORG
2021,Rivers,I-ORG
2022,Universityp,I-ORG
2023,OpenCanadap,B-MISC
2024,Federal,B-ORG
2025,Court,I-ORG
2026,BCp,I-ORG
2027,Vladimir,B-PER
2028,Putinp,I-PER
2029,Copenhagen,B-ORG
2030,Consensus,I-ORG
2031,Centerp,I-ORG
2032,Globe,B-ORG
2033,BCp,I-ORG
2034,Plymouth,B-LOC
2035,Vtp,I-LOC
2036,Edward,B-PER
2037,Snowdenp,I-PER
2038,Charlie,B-PER
2039,Lets,I-PER
2040,Bagap,I-PER
2041,Unacceptablep,B-MISC
2042,Random,B-ORG
2043,House,I-ORG
2044,Aprilp,I-ORG
2045,Context,B-ORG
2046,Sundays,I-ORG
2047,Global,I-ORG
2048,Vision,I-ORG
2049,TVp,I-ORG
2050,Elysee,B-ORG
2051,Palacep,I-ORG
2052,Love,B-MISC
2053,List,I-MISC
2054,worryingp,I-MISC
2055,Jarislowsky,B-ORG
2056,Fraser,I-ORG
2057,Ltd,I-ORG
2058,Montrealp,I-ORG
2059,Syria,B-ORG
2060,Iraqp,I-ORG
2061,Ashley,B-PER
2062,Smithsp,I-PER
2063,Syndicatep,B-MISC
2064,ppFollow,B-PER
2065,Twitterp,I-PER
2066,Political,B-ORG
2067,Science,I-ORG
2068,University,I-ORG
2069,Torontop,I-ORG
2070,Hudson,B-PER
2071,Institutep,I-PER
2072,Love,B-LOC
2073,Market,I-LOC
2074,What,I-LOC
2075,You,I-LOC
2076,Need,I-LOC
2077,Know,I-LOC
2078,About,I-LOC
2079,How,I-LOC
2080,Date,I-LOC
2081,Mate,I-LOC
2082,Marry,I-LOC
2083,She,I-LOC
2084,teach,I-LOC
2085,University,I-LOC
2086,British,I-LOC
2087,Columbias,I-LOC
2088,Vancouver,I-LOC
2089,School,I-LOC
2090,Economicsp,I-LOC
2091,RadioCanadap,B-MISC
2092,Catch22p,B-MISC
2093,Centre,B-ORG
2094,International,I-ORG
2095,Policy,I-ORG
2096,Studies,I-ORG
2097,University,I-ORG
2098,Ottawap,I-ORG
2099,McGill,B-ORG
2100,Universityp,I-ORG
2101,ppFollow,B-MISC
2102,Twitter,I-MISC
2103,DougSaundersp,I-MISC
2104,Canadianp,B-MISC
2105,University,B-ORG
2106,Saskatchewanp,I-ORG
2107,Might,B-ORG
2108,spread,I-ORG
2109,Avenuesp,I-ORG
2110,Canadiansp,B-MISC
2111,postCommunist,B-PER
2112,Russiap,I-PER
2113,The,B-ORG
2114,Rise,I-ORG
2115,Creative,I-ORG
2116,Class,I-ORG
2117,Revisitedp,I-ORG
2118,Sans,I-LOC
2119,Frontieres,I-LOC
2120,Doctors,I-LOC
2121,Without,I-LOC
2122,Borders,I-LOC
2123,MSF,I-LOC
2124,Canadap,I-LOC
2125,Halifaxp,B-MISC
2126,Economic,B-ORG
2127,Social,I-ORG
2128,Research,I-ORG
2129,Councilp,I-ORG
2130,Calgaryp,B-ORG
2131,Canadian,B-ORG
2132,Network,I-ORG
2133,Research,I-ORG
2134,Terrorism,I-ORG
2135,Security,I-ORG
2136,Societyp,I-ORG
2137,Beijingp,B-PER
2138,OpenCanadap,B-MISC
2139,Jody,B-PER
2140,WilsonRaybould,I-PER
2141,Justicep,I-PER
2142,Transportation,B-ORG
2143,Safety,I-ORG
2144,Board,I-ORG
2145,Canadap,I-ORG
2146,Bard,B-ORG
2147,Collegep,I-ORG
2148,College,B-ORG
2149,Management,I-ORG
2150,Economics,I-ORG
2151,University,I-ORG
2152,Guelphp,I-ORG
2153,Stanford,B-ORG
2154,Universitys,I-ORG
2155,Hoover,I-ORG
2156,Institutionp,I-ORG
2157,The,B-ORG
2158,Boiling,I-ORG
2159,Frog,I-ORG
2160,Dilemma,I-ORG
2161,Saving,I-ORG
2162,Canada,I-ORG
2163,Economic,I-ORG
2164,Declinep,I-ORG
2165,Department,B-ORG
2166,Child,I-ORG
2167,Youth,I-ORG
2168,Studies,I-ORG
2169,Brock,I-ORG
2170,Universityp,I-ORG
2171,Truth,B-ORG
2172,Sentencing,I-ORG
2173,Actp,I-ORG
2174,Americas,B-ORG
2175,Market,I-ORG
2176,Intelligencep,I-ORG
2177,Federal,B-ORG
2178,Court,I-ORG
2179,Appealp,I-ORG
2180,The,B-LOC
2181,Love,I-LOC
2182,Market,I-LOC
2183,What,I-LOC
2184,You,I-LOC
2185,Need,I-LOC
2186,Know,I-LOC
2187,About,I-LOC
2188,How,I-LOC
2189,Date,I-LOC
2190,Mate,I-LOC
2191,Marry,I-LOC
2192,She,I-LOC
2193,teach,I-LOC
2194,University,I-LOC
2195,British,I-LOC
2196,Columbias,I-LOC
2197,Vancouver,I-LOC
2198,School,I-LOC
2199,Economicsp,I-LOC
2200,Human,B-ORG
2201,Rights,I-ORG
2202,Watchp,I-ORG
2203,Russiap,B-MISC
2204,Great,B-LOC
2205,Wall,I-LOC
2206,Canadap,I-LOC
2207,Christian,B-PER
2208,Rightp,I-PER
2209,University,B-PER
2210,Waterloop,I-PER
2211,Margaret,B-PER
2212,Thatcher,I-PER
2213,Mattersp,I-PER
2214,Munk,B-ORG
2215,School,I-ORG
2216,Global,I-ORG
2217,Affairs,I-ORG
2218,University,I-ORG
2219,Torontop,I-ORG
2220,Canadiansp,B-MISC
2221,Quebecp,B-LOC
2222,International,B-ORG
2223,Joint,I-ORG
2224,Commission,I-ORG
2225,Canada,I-ORG
2226,United,I-ORG
2227,Statesp,I-ORG
2228,Oxford,B-ORG
2229,Universityp,I-ORG
2230,Harvard,B-ORG
2231,Universityp,I-ORG
2232,Samarin,B-PER
2233,Torontop,I-PER
2234,ppFollow,B-PER
2235,Twitterp,I-PER
2236,Picking,B-PER
2237,Piecesp,I-PER
2238,Pressep,B-PER
2239,Canadap,B-ORG
2240,Reform,B-ORG
2241,Actp,I-ORG
2242,CSIS,B-ORG
2243,RCMPp,I-ORG
2244,Venezuelap,B-PER
2245,Syndicatep,B-MISC
2246,Globe,B-ORG
2247,BCp,I-ORG
2248,Transportp,B-PER
2249,Leach,B-ORG
2250,Enbridge,I-ORG
2251,Professor,I-ORG
2252,Energy,I-ORG
2253,Policy,I-ORG
2254,University,I-ORG
2255,Albertap,I-ORG
2256,Agnes,B-PER
2257,Macphails,I-PER
2258,Nellie,I-PER
2259,McClungsp,I-PER
2260,Metis,B-ORG
2261,Nation,I-ORG
2262,Ontariop,I-ORG
2263,Environics,B-ORG
2264,Institute,I-ORG
2265,Survey,I-ORG
2266,Researchp,I-ORG
2267,New,B-ORG
2268,Brunswick,I-ORG
2269,Commission,I-ORG
2270,Legislative,B-PER
2271,Democracyp,I-PER
2272,OpenCanadap,B-MISC
2273,The,B-ORG
2274,Globe,I-ORG
2275,Mail,I-ORG
2276,Now,I-ORG
2277,luckppNorman,I-ORG
2278,Rosencwaig,I-ORG
2279,Torontop,I-ORG
2280,Quebecp,B-MISC
2281,Carleton,B-PER
2282,Universityp,I-PER
2283,DNAp,B-MISC
2284,OpenCanadaorgp,B-MISC
2285,ChinappHappy,B-ORG
2286,New,I-ORG
2287,Yearp,I-ORG
2288,France,B-ORG
2289,Quebecp,I-ORG
2290,Mckenna,B-PER
2291,Long,I-PER
2292,Aldridge,I-PER
2293,LLPp,I-PER
2294,Christopher,B-PER
2295,Coasterp,I-PER
2296,Neither,B-ORG
2297,Canadap,I-ORG
2298,Investment,B-MISC
2299,Summitp,I-MISC
2300,Iranp,B-PER
2301,Oliviap,B-PER
2302,Torontop,B-ORG
2303,Best,B-MISC
2304,Original,I-MISC
2305,Screenplayp,I-MISC
2306,Canada,B-ORG
2307,Research,I-ORG
2308,Chair,I-ORG
2309,Global,I-ORG
2310,Politics,I-ORG
2311,International,I-ORG
2312,Law,I-ORG
2313,University,I-ORG
2314,British,I-ORG
2315,Columbiap,I-ORG
2316,Boo,B-PER
2317,RadleyppIt,I-PER
2318,Harper,I-PER
2319,Leep,I-PER
2320,Canada,B-LOC
2321,Well,I-MISC
2322,See,I-MISC
2323,You,I-MISC
2324,Between,I-MISC
2325,Coversp,I-MISC
2326,Parliamentp,B-MISC
2327,Twitter,B-PER
2328,Facebookp,I-PER
2329,Global,B-ORG
2330,Conference,I-ORG
2331,Democracy,I-ORG
2332,Human,I-ORG
2333,Rights,I-ORG
2334,Fragility,I-ORG
2335,Freedom,I-ORG
2336,McGill,I-ORG
2337,Universityp,I-ORG
2338,Vagina,B-ORG
2339,New,I-ORG
2340,Biographyp,I-ORG
2341,MontRoyalp,B-LOC
2342,Columbia,B-ORG
2343,Universityp,I-ORG
2344,Westp,B-ORG
2345,The,B-ORG
2346,Globe,I-ORG
2347,Mailp,I-ORG
2348,Professor,B-ORG
2349,School,I-ORG
2350,Public,I-ORG
2351,Policy,I-ORG
2352,University,I-ORG
2353,Marylandp,I-ORG
2354,Chinap,B-PER
2355,New,B-LOC
2356,Brunswickp,I-LOC
2357,But,B-MISC
2358,thisppFollow,I-MISC
2359,Twitterp,I-MISC
2360,United,B-ORG
2361,Statesp,I-ORG
2362,Princeton,B-PER
2363,Universityp,I-PER
2364,University,B-LOC
2365,Torontop,I-LOC
2366,Historica,B-PER
2367,Canadap,I-PER
2368,Torontop,B-PER
2369,Radcliffe,B-MISC
2370,Fellow,I-MISC
2371,Harvard,I-MISC
2372,Universityp,I-MISC
2373,Canadap,B-LOC
2374,BMO,B-ORG
2375,Financial,I-ORG
2376,Groupp,I-ORG
2377,Global,B-ORG
2378,Crossings,I-ORG
2379,Immigration,I-ORG
2380,Civilization,I-ORG
2381,Americap,I-ORG
2382,University,B-ORG
2383,Calgarys,I-ORG
2384,School,I-ORG
2385,Public,I-ORG
2386,Policyp,I-ORG
2387,Beer,B-ORG
2388,Storep,I-ORG
2389,Carleton,B-PER
2390,Universityp,I-PER
2391,Jazeera,B-PER
2392,Englishp,I-PER
2393,Globe,B-ORG
2394,BCp,I-ORG
2395,Mission,B-LOC
2396,Catholic,I-LOC
2397,Identity,I-LOC
2398,Sacred,I-LOC
2399,Heart,I-LOC
2400,University,I-LOC
2401,Fairfield,I-LOC
2402,Connp,I-LOC
2403,McKenna,B-PER
2404,Long,I-PER
2405,Aldridgep,I-PER
2406,State,B-ORG
2407,Departmentp,I-ORG
2408,School,B-ORG
2409,Social,I-ORG
2410,Political,I-ORG
2411,Science,I-ORG
2412,University,I-ORG
2413,Edinburghp,I-ORG
2414,Princess,B-ORG
2415,Margaret,I-ORG
2416,Cancer,I-ORG
2417,Foundationp,I-ORG
2418,BCp,B-ORG
2419,Syndicatep,B-MISC
2420,Hart,B-PER
2421,Housep,I-PER
2422,Action,B-ORG
2423,Christians,I-ORG
2424,Abolition,I-ORG
2425,Torture,I-ORG
2426,ACATTorontoppp,I-ORG
2427,Hamiltonp,B-MISC
2428,Ottawa,B-ORG
2429,Next,I-ORG
2430,Albertap,I-ORG
2431,Britain,B-ORG
2432,Japan,I-ORG
2433,France,I-ORG
2434,China,I-ORG
2435,Germany,I-ORG
2436,Mexicop,I-ORG
2437,Western,B-PER
2438,Universityp,I-PER
2439,Goodp,B-MISC
2440,University,B-PER
2441,Windsorp,I-PER
2442,Londonp,B-MISC
2443,Exactlyp,B-MISC
2444,MomShift,B-MISC
2445,Women,I-MISC
2446,Share,I-MISC
2447,Their,I-MISC
2448,Stories,I-MISC
2449,Career,I-MISC
2450,Success,I-MISC
2451,After,I-MISC
2452,Having,I-MISC
2453,Childrenp,I-MISC
2454,Canadian,B-ORG
2455,International,I-ORG
2456,Councilp,I-ORG
2457,University,B-ORG
2458,Guelphs,I-ORG
2459,College,I-ORG
2460,Management,I-ORG
2461,Economicsp,I-ORG
2462,Morneau,B-PER
2463,Shepellp,I-PER
2464,Harold,B-PER
2465,Green,I-PER
2466,Jewish,I-LOC
2467,Theatre,I-LOC
2468,Companyp,I-LOC
2469,Center,B-ORG
2470,Interuniversity,I-ORG
2471,Research,I-ORG
2472,International,I-ORG
2473,Relations,I-ORG
2474,Canada,I-ORG
2475,Quebec,I-ORG
2476,ENAPp,I-ORG
2477,University,B-ORG
2478,Ottawap,I-ORG
2479,CBC,B-ORG
2480,Radios,I-ORG
2481,Ideasp,I-ORG
2482,Vagina,B-ORG
2483,New,I-ORG
2484,Biographyp,I-ORG
2485,Saudi,B-LOC
2486,Arabiap,I-LOC
2487,European,B-ORG
2488,Studies,I-ORG
2489,Oxford,I-ORG
2490,ppUniversityp,I-ORG
2491,Popular,B-MISC
2492,Problemsp,I-MISC
2493,Bard,B-ORG
2494,Collegep,I-ORG
2495,Ralph,B-PER
2496,Kleinp,I-PER
2497,Child,B-ORG
2498,Care,I-ORG
2499,Providers,I-ORG
2500,Resource,I-ORG
2501,Network,I-ORG
2502,OttawaCarleton,I-ORG
2503,CCPRNp,I-ORG
2504,United,B-PER
2505,Nationsp,I-PER
2506,Ottawap,B-PER
2507,Martin,B-PER
2508,Cauchonp,I-PER
2509,McGill,B-PER
2510,Universityp,I-PER
2511,Merry,B-PER
2512,Christmasp,I-PER
2513,International,B-ORG
2514,Law,I-ORG
2515,Arcticp,I-ORG
2516,Torontop,B-ORG
2517,Crownp,B-PER
2518,Resource,B-ORG
2519,Centres,I-ORG
2520,The,I-ORG
2521,Hub,I-ORG
2522,blog,I-ORG
2523,Centre,I-ORG
2524,Security,I-ORG
2525,Governancep,I-ORG
2526,Hong,B-PER
2527,Kongp,I-PER
2528,Federation,B-ORG
2529,Saskatchewan,I-ORG
2530,Indian,I-ORG
2531,Nations,I-ORG
2532,Ken,I-LOC
2533,Coates,I-LOC
2534,Canada,I-LOC
2535,Research,I-LOC
2536,Chair,I-LOC
2537,Regional,I-LOC
2538,Innovation,I-LOC
2539,JohnsonShoyama,I-LOC
2540,Graduate,I-LOC
2541,School,I-LOC
2542,Public,I-LOC
2543,Policy,I-LOC
2544,University,I-LOC
2545,Saskatchewan,I-LOC
2546,Munk,I-LOC
2547,Senior,I-LOC
2548,Fellow,I-LOC
2549,MacdonaldLaurier,B-PER
2550,Institutep,I-PER
2551,Manning,B-LOC
2552,Centre,I-LOC
2553,Building,I-LOC
2554,Democracyp,I-LOC
2555,Yemenp,B-MISC
2556,The,B-MISC
2557,Globes,I-MISC
2558,MMIW,I-MISC
2559,team,I-MISC
2560,MMIWglobeandmailcomp,I-MISC
2561,Bigp,B-PER
2562,Jordan,B-ORG
2563,Egypt,I-ORG
2564,Israelp,I-ORG
2565,Voluntary,B-ORG
2566,Starvationp,I-ORG
2567,Government,B-PER
2568,Ukrainep,I-PER
2569,Sprott,B-ORG
2570,School,I-ORG
2571,Business,I-ORG
2572,Carleton,I-ORG
2573,Universityp,I-ORG
2574,Paul,B-PER
2575,Martinp,I-PER
2576,McGill,B-PER
2577,Universityp,I-PER
2578,OECD,B-ORG
2579,Development,I-ORG
2580,Assistance,I-ORG
2581,Committeep,I-ORG
2582,The,B-ORG
2583,Mail,I-ORG
2584,Empirepp,I-ORG
2585,Hoover,B-ORG
2586,Institution,I-ORG
2587,Stanford,I-ORG
2588,Universityp,I-ORG
2589,Unruly,B-PER
2590,Voicesp,I-PER
2591,Centre,B-ORG
2592,Professional,I-ORG
2593,Applied,I-ORG
2594,Ethics,I-ORG
2595,University,I-ORG
2596,Manitobap,I-ORG
2597,Ottawap,B-ORG
2598,Howe,B-ORG
2599,Street,I-ORG
2600,Main,I-ORG
2601,Streetp,I-ORG
2602,WeAreWinter,B-MISC
2603,Yes,I-MISC
2604,Even,I-MISC
2605,Torontop,I-MISC
2606,Canadap,B-ORG
2607,United,B-ORG
2608,Statesp,I-ORG
2609,Mission,B-LOC
2610,Catholic,I-LOC
2611,Identity,I-LOC
2612,Sacred,I-LOC
2613,Heart,I-LOC
2614,University,I-LOC
2615,Fairfield,I-LOC
2616,Connp,I-LOC
2617,Centre,B-ORG
2618,Study,I-ORG
2619,Rapid,I-ORG
2620,Global,I-ORG
2621,Change,I-ORG
2622,University,I-ORG
2623,Waterloop,I-ORG
2624,Syndicatep,B-MISC
2625,BQPQ,B-ORG
2626,Good,I-ORG
2627,news,I-ORG
2628,Bloc,I-ORG
2629,Ecossaisp,I-ORG
2630,Sarajevop,B-LOC
2631,Howe,B-PER
2632,Institutep,I-PER
2633,Hoover,B-ORG
2634,Institution,I-ORG
2635,Stanfordp,I-ORG
2636,Beijingp,B-ORG
2637,Why,B-ORG
2638,Nations,I-ORG
2639,Fail,I-ORG
2640,The,I-ORG
2641,Origins,I-ORG
2642,Power,I-ORG
2643,Prosperity,I-ORG
2644,Povertyp,I-ORG
2645,The,B-ORG
2646,McConnell,I-ORG
2647,Family,I-ORG
2648,Foundationp,I-ORG
2649,Manitoba,B-LOC
2650,Metis,I-LOC
2651,Federation,I-LOC
2652,Supreme,I-LOC
2653,Court,I-LOC
2654,Canadap,I-LOC
2655,BMO,B-ORG
2656,Financial,I-ORG
2657,Groupp,I-ORG
2658,World,B-MISC
2659,Federalist,I-MISC
2660,MovementCanada,I-MISC
2661,World,I-MISC
2662,Peace,I-MISC
2663,Awardp,I-MISC
2664,Globe,B-ORG
2665,BCp,I-ORG
2666,University,B-ORG
2667,Toronto,I-ORG
2668,Pressp,I-ORG
2669,The,B-MISC
2670,Globes,I-MISC
2671,MMIW,I-MISC
2672,team,I-MISC
2673,MMIWglobeandmailcomp,I-MISC
2674,Rotman,B-ORG
2675,School,I-ORG
2676,Management,I-ORG
2677,University,I-ORG
2678,Torontop,I-ORG
2679,Stanfords,B-ORG
2680,Hoover,I-ORG
2681,Institutionp,I-ORG
2682,Canada,B-ORG
2683,Mandelappggibsonbchomecomp,I-ORG
2684,Jeb,B-ORG
2685,Bush,I-ORG
2686,Rand,I-ORG
2687,Paulp,I-ORG
2688,Vancouverp,B-MISC
2689,PortauPrincep,B-MISC
2690,International,B-ORG
2691,Commission,I-ORG
2692,Intervention,I-ORG
2693,State,I-ORG
2694,Sovereignty,I-ORG
2695,International,I-ORG
2696,Commission,I-ORG
2697,Nuclear,I-ORG
2698,NonProliferation,I-ORG
2699,Disarmamentp,I-ORG
2700,The,B-ORG
2701,cannot,I-ORG
2702,BQp,I-ORG
2703,Deliver,B-ORG
2704,Reformed,I-ORG
2705,Canada,I-ORG
2706,Postp,I-ORG
2707,York,B-ORG
2708,Universityp,I-ORG
2709,School,B-ORG
2710,Policy,I-ORG
2711,Studies,I-ORG
2712,Queens,I-ORG
2713,Universityp,I-ORG
2714,Beijingp,B-PER
2715,Brock,B-ORG
2716,Universityp,I-ORG
2717,MacdonaldLaurier,B-PER
2718,Institutep,I-PER
2719,Netflix,B-PER
2720,Googlep,I-PER
2721,Guthrie,B-PER
2722,Ottawap,I-PER
2723,Context,B-ORG
2724,Sundays,I-ORG
2725,Global,I-ORG
2726,Vision,I-ORG
2727,TVp,I-ORG
2728,Security,B-ORG
2729,Intelligence,I-ORG
2730,Review,I-ORG
2731,Committeep,I-ORG
2732,Global,B-ORG
2733,Crossings,I-ORG
2734,Immigration,I-ORG
2735,Civilization,I-ORG
2736,Americap,I-ORG
2737,Syndicatep,B-MISC
2738,Middle,B-ORG
2739,Eastp,I-ORG
2740,Kids,B-ORG
2741,Internet,I-ORG
2742,Safety,I-ORG
2743,Alliancep,I-ORG
2744,Europe,B-ORG
2745,Central,I-ORG
2746,Asia,I-ORG
2747,Division,I-ORG
2748,Human,I-ORG
2749,Rights,I-ORG
2750,Watchp,I-ORG
2751,Hoover,B-ORG
2752,Institution,I-ORG
2753,Stanford,I-ORG
2754,Universityp,I-ORG
2755,Caledon,B-ORG
2756,Institute,I-ORG
2757,Social,I-ORG
2758,Policyp,I-ORG
2759,Canada,B-ORG
2760,Europe,I-ORG
2761,Roundtable,I-ORG
2762,Businessp,I-ORG
2763,Lawrence,B-ORG
2764,London,I-ORG
2765,Ontp,I-ORG
2766,Michigan,B-ORG
2767,Canadianp,I-ORG
2768,Global,B-ORG
2769,Crossings,I-ORG
2770,Immigration,I-ORG
2771,Civilization,I-ORG
2772,Americap,I-ORG
2773,College,B-ORG
2774,Management,I-ORG
2775,Economics,I-ORG
2776,University,I-ORG
2777,Guelphp,I-ORG
2778,Curve,B-LOC
2779,Lake,I-LOC
2780,First,I-LOC
2781,Nation,I-LOC
2782,Central,I-LOC
2783,Ontariop,I-LOC
2784,That,B-ORG
2785,Time,I-ORG
2786,Yearp,I-ORG
2787,Aird,B-ORG
2788,Berlis,I-ORG
2789,LLPp,I-ORG
2790,Adrian,B-PER
2791,Morrowp,I-PER
2792,Hoover,B-ORG
2793,Institution,I-ORG
2794,Stanford,I-ORG
2795,Universityp,I-ORG
2796,Earthp,B-PER
2797,Happy,B-ORG
2798,Canada,I-ORG
2799,Dayp,I-ORG
2800,Hugo,B-PER
2801,Chavezp,I-PER
2802,University,B-PER
2803,Windsorp,I-PER
2804,New,B-ORG
2805,Delhibased,I-ORG
2806,Centre,I-ORG
2807,Policy,I-ORG
2808,Researchp,I-ORG
2809,LacMeganticp,B-MISC
2810,Calgaryp,B-ORG
2811,Canadap,B-MISC
2812,Happy,B-ORG
2813,New,I-ORG
2814,Yearp,I-ORG
2815,Fridayp,B-MISC
2816,Times,B-ORG
2817,Lisee,I-ORG
2818,prove,I-ORG
2819,Machiavellip,I-ORG
2820,McGill,B-ORG
2821,Universityp,I-ORG
2822,France,B-ORG
2823,Quebecp,I-ORG
2824,Stanford,B-ORG
2825,Universitys,I-ORG
2826,Hoover,I-ORG
2827,Institutionp,I-ORG
2828,Africap,B-LOC
2829,RCMPp,B-ORG
2830,Beijingp,B-MISC
2831,Sarajevop,B-LOC
2832,The,B-ORG
2833,Canadian,I-ORG
2834,Constitutionp,I-ORG
2835,Twittercbcstephenquinnp,B-MISC
2836,Remember,B-ORG
2837,BlackBerryp,I-ORG
2838,Affairs,B-PER
2839,Institutep,I-PER
2840,Montrealp,B-MISC
2841,Search,B-ORG
2842,Empathyp,I-ORG
2843,Tamarap,B-ORG
2844,Harvard,B-ORG
2845,Universityp,I-ORG
2846,Warren,B-PER
2847,Clementsp,I-PER
2848,Quebec,B-ORG
2849,Charbonneau,I-ORG
2850,Commissionp,I-ORG
2851,Quebec,B-ORG
2852,Scotlandp,I-ORG
2853,Beijingp,B-PER
2854,Health,B-PER
2855,Ministerp,I-PER
2856,Sabanci,B-ORG
2857,University,I-ORG
2858,Istanbulp,I-ORG
2859,Canadianp,B-MISC
2860,First,B-ORG
2861,Nationsp,I-ORG
2862,MPsp,B-MISC
2863,British,B-PER
2864,Columbiap,I-PER
2865,UBC,B-ORG
2866,Vancouver,I-ORG
2867,School,I-ORG
2868,Economicsp,I-ORG
2869,Ottawap,B-ORG
2870,Princeton,B-LOC
2871,Universityp,I-LOC
2872,RealPrivacycappAnn,B-ORG
2873,Cavoukian,I-ORG
2874,Ontarios,I-ORG
2875,Information,I-ORG
2876,Privacy,I-ORG
2877,Commissionerp,I-ORG
2878,Westp,B-LOC
2879,Temporary,B-ORG
2880,Foreign,I-ORG
2881,Workers,I-ORG
2882,Programp,I-ORG
2883,Centre,B-ORG
2884,International,I-ORG
2885,Governance,I-ORG
2886,Innovation,I-ORG
2887,Brookings,I-ORG
2888,Institutionp,I-ORG
2889,Torontop,B-LOC
2890,Manitobap,B-ORG
2891,Metis,B-ORG
2892,National,I-ORG
2893,Councilp,I-ORG
2894,Stephen,B-PER
2895,Harperp,I-PER
2896,Journal,B-ORG
2897,Historical,I-ORG
2898,Biographyp,I-ORG
2899,Munk,B-ORG
2900,School,I-ORG
2901,Global,I-ORG
2902,Affairs,I-ORG
2903,Torontop,I-ORG
2904,American,B-MISC
2905,Civil,I-MISC
2906,War,I-MISC
2907,Forged,I-MISC
2908,Nation,I-MISC
2909,Lakefield,I-MISC
2910,Ontp,I-MISC
2911,Lessons,B-PER
2912,Poorp,I-PER
2913,McGill,B-PER
2914,Universityp,I-PER
2915,Lakehead,B-PER
2916,Universityp,I-PER
2917,ppFollow,B-MISC
2918,Twitterppgarymasonglobep,I-MISC
2919,Water,B-ORG
2920,Peace,I-ORG
2921,Warp,I-ORG
2922,Canadian,B-ORG
2923,Network,I-ORG
2924,Research,I-ORG
2925,Terrorism,I-ORG
2926,Security,I-ORG
2927,Societyp,I-ORG
2928,Matteo,B-PER
2929,Renzip,I-PER
2930,caseppFollow,B-PER
2931,Twitterp,I-PER
2932,Cars,B-ORG
2933,Congestion,I-ORG
2934,Costs,I-ORG
2935,New,I-ORG
2936,Approach,I-ORG
2937,Evaluating,I-ORG
2938,Government,I-ORG
2939,Infrastructure,I-ORG
2940,Investmentp,I-ORG
2941,Mandelasp,B-MISC
2942,Our,B-ORG
2943,Gamep,I-ORG
2944,Jim,B-PER
2945,Flahertyp,I-PER
2946,Montrealp,B-PER
2947,Albert,B-PER
2948,Altap,I-PER
2949,Canada,B-LOC
2950,West,I-LOC
2951,Foundationp,I-LOC
2952,Sexiest,B-LOC
2953,Man,I-LOC
2954,Alive,I-LOC
2955,People,I-LOC
2956,magazinep,I-LOC
2957,Iraqp,B-PER
2958,Canadiansp,B-MISC
2959,Stephen,B-PER
2960,Harperp,I-PER
2961,Vancouver,B-LOC
2962,MSF,B-ORG
2963,Canadap,I-ORG
2964,Australiap,B-PER
2965,Ronald,B-PER
2966,Reaganp,I-PER
2967,Waterloo,B-PER
2968,Ontp,I-PER
2969,They,B-PER
2970,Montrealp,I-PER
2971,Pacificp,B-ORG
2972,Hawryluk,B-PER
2973,Torontop,I-PER
2974,Morris,B-ORG
2975,Wosk,I-ORG
2976,Centre,I-ORG
2977,Dialogue,I-ORG
2978,downtown,I-ORG
2979,Vancouverp,I-ORG
2980,Egyptp,B-LOC
2981,Lionel,B-PER
2982,Gelber,I-PER
2983,Prize,I-PER
2984,Juryp,I-PER
2985,Howe,B-PER
2986,Institutep,I-PER
2987,World,B-MISC
2988,Peace,I-MISC
2989,Foundationp,I-MISC
2990,Canada,B-ORG
2991,United,I-ORG
2992,Statesp,I-ORG
2993,Vancouverp,B-MISC
2994,Haitip,B-PER
2995,Atlantic,B-LOC
2996,Canadap,I-LOC
2997,Colombiap,B-MISC
2998,Colombiap,B-MISC
2999,messageppFollow,B-MISC
3000,Twitter,I-MISC
3001,garymasonglobep,I-MISC
3002,Calgaryp,B-ORG
3003,Lundy,B-ORG
3004,Richmond,I-ORG
3005,Hill,I-ORG
3006,Ontp,I-ORG
3007,Chinap,B-MISC
3008,Navalnyp,B-PER
3009,FranklinppAnd,B-ORG
3010,North,I-ORG
3011,West,I-ORG
3012,PassageJohn,I-ORG
3013,Warden,I-ORG
3014,Torontop,I-ORG
3015,University,B-PER
3016,Torontop,I-PER
3017,Windsorp,B-ORG
3018,Andrews,B-PER
3019,Ottawap,I-PER
3020,University,B-ORG
3021,Guelphs,I-ORG
3022,College,I-ORG
3023,Management,I-ORG
3024,Economicsp,I-ORG
3025,Kabulp,B-LOC
3026,Canadap,B-MISC
3027,Canadap,B-LOC
3028,Grennan,B-PER
3029,Vancouverp,I-PER
3030,First,B-MISC
3031,Nationsp,I-MISC
3032,itppGeorge,B-LOC
3033,James,I-LOC
3034,Port,I-LOC
3035,Hope,I-LOC
3036,Ontp,I-LOC
3037,ppFollow,B-MISC
3038,Twitterpppicardonhealthp,I-MISC
3039,Ottawap,B-ORG
3040,Senate,B-ORG
3041,House,I-ORG
3042,Libraryp,I-ORG
3043,Jane,B-PER
3044,Austenp,I-PER
3045,University,B-ORG
3046,Saskatchewanp,I-ORG
3047,Ottawa,B-ORG
3048,Next,I-ORG
3049,Manitobap,I-ORG
3050,Canadap,B-MISC
3051,Montrealp,B-PER
3052,Charter,B-ORG
3053,Rights,I-ORG
3054,Freedomsp,I-ORG
3055,Syriap,B-MISC
3056,New,B-ORG
3057,Delhip,I-ORG
3058,OpenCanadap,B-MISC
3059,Maanulthp,B-ORG
3060,East,B-LOC
3061,Vancouverp,I-LOC
3062,Vancouverp,B-MISC
3063,expensiveppPatrick,B-ORG
3064,Tighe,I-ORG
3065,Petawawa,I-ORG
3066,Ontp,I-ORG
3067,University,B-PER
3068,Windsorp,I-PER
3069,Vancouverp,B-MISC
3070,New,B-ORG
3071,Yorkp,I-ORG
3072,Jewell,B-PER
3073,Torontop,I-PER
3074,Washington,B-PER
3075,Chinap,I-PER
3076,Pittsburgh,B-ORG
3077,PostGazettep,I-ORG
3078,Saskatoon,B-LOC
3079,Torontop,I-LOC
3080,Phoenix,B-ORG
3081,Sinclairpp,I-ORG
3082,Peace,B-PER
3083,Fraser,I-PER
3084,Elkp,I-PER
3085,Syndicatep,B-MISC
3086,Prisoner,B-ORG
3087,Tehran,I-ORG
3088,After,I-ORG
3089,Tehranp,I-ORG
3090,Context,B-ORG
3091,Sundays,I-ORG
3092,Global,I-ORG
3093,Vision,I-ORG
3094,TVp,I-ORG
3095,International,B-ORG
3096,Space,I-ORG
3097,Stationp,I-ORG
3098,Torontop,B-PER
3099,Indiap,B-PER
3100,East,B-MISC
3101,Asiap,I-MISC
3102,The,B-ORG
3103,National,I-ORG
3104,Harper,I-ORG
3105,LeagueppJeffrey,I-ORG
3106,Peckitt,I-ORG
3107,Oakville,I-ORG
3108,Ontp,I-ORG
3109,Love,B-PER
3110,Katarinap,I-PER
3111,Over,B-MISC
3112,Nunavutp,I-MISC
3113,Strengthening,B-ORG
3114,Governance,I-ORG
3115,South,I-ORG
3116,Africa,I-ORG
3117,Building,I-ORG
3118,Mandelas,I-ORG
3119,Legacyp,I-ORG
3120,Centre,B-ORG
3121,Military,I-ORG
3122,Strategic,I-ORG
3123,Studies,I-ORG
3124,University,I-ORG
3125,Calgaryp,I-ORG
3126,Political,B-ORG
3127,Science,I-ORG
3128,University,I-ORG
3129,Torontop,I-ORG
3130,The,B-ORG
3131,Globe,I-ORG
3132,Mailp,I-ORG
3133,isppGerald,B-MISC
3134,Villeneuve,I-MISC
3135,Windsor,I-MISC
3136,Ontp,I-MISC
3137,Graduate,B-LOC
3138,School,I-LOC
3139,Public,I-LOC
3140,International,I-LOC
3141,Affairs,I-LOC
3142,University,I-LOC
3143,Ottawa,I-LOC
3144,Annenberg,I-LOC
3145,Distinguished,I-LOC
3146,Visiting,I-LOC
3147,Fellow,I-LOC
3148,Hoover,I-LOC
3149,Institution,I-LOC
3150,Stanford,I-LOC
3151,Universityp,I-LOC
3152,Charron,B-ORG
3153,Program,I-ORG
3154,Leader,I-ORG
3155,Ecohealth,I-ORG
3156,Canadas,I-ORG
3157,International,I-ORG
3158,Development,I-ORG
3159,Research,I-ORG
3160,Centre,I-ORG
3161,IDRCp,I-ORG
3162,Istanbul,B-ORG
3163,Islamabadp,I-ORG
3164,World,B-MISC
3165,Federalist,I-MISC
3166,Movement,I-MISC
3167,Canada,I-MISC
3168,World,I-MISC
3169,Peace,I-MISC
3170,Awardp,I-MISC
3171,Damned,B-ORG
3172,Nations,I-ORG
3173,Greed,I-ORG
3174,Guns,I-ORG
3175,Armies,I-ORG
3176,Aid,I-ORG
3177,Founder,I-ORG
3178,charity,I-ORG
3179,War,I-ORG
3180,Childp,I-ORG
3181,Environics,B-ORG
3182,Institute,I-ORG
3183,Survey,I-ORG
3184,Researchp,I-ORG
3185,Brock,B-PER
3186,Universityp,I-PER
3187,Canadap,B-LOC
3188,Canadap,B-MISC
3189,Queen,B-ORG
3190,Street,I-ORG
3191,Westp,I-ORG
3192,Hoover,B-ORG
3193,Institution,I-ORG
3194,Stanford,I-ORG
3195,Universityp,I-ORG
3196,Reardon,B-PER
3197,Halifaxp,I-PER
3198,Pacificp,B-LOC
3199,Kennedy,B-ORG
3200,North,I-ORG
3201,Vancouverp,I-ORG
3202,Ontario,B-ORG
3203,Court,I-ORG
3204,Appealp,I-ORG
3205,Laurence,B-PER
3206,Victoriap,I-PER
3207,Free,B-ORG
3208,The,I-ORG
3209,Childrenp,I-ORG
3210,Northern,B-PER
3211,Ghanap,I-PER
3212,Soloman,B-PER
3213,Torontop,I-PER
3214,nationppDarrell,B-ORG
3215,Pasloski,I-ORG
3216,Premier,I-ORG
3217,Yukonp,I-ORG
3218,Unquiet,B-PER
3219,Gravep,I-PER
3220,Thursdayp,B-MISC
3221,Hong,B-PER
3222,Kongp,I-PER
3223,Canadiansp,B-MISC
3224,Enbridgep,B-MISC
3225,Europep,B-MISC
3226,Quiet,B-MISC
3227,Revolutionppyvesboisvertlapressecap,I-MISC
3228,Iraqp,B-MISC
3229,BMO,B-ORG
3230,Capital,I-ORG
3231,Marketsp,I-ORG
3232,Immigration,B-ORG
3233,Interpreters,I-ORG
3234,Association,I-ORG
3235,Torontop,I-ORG
3236,New,B-LOC
3237,Delhip,I-LOC
3238,Free,B-ORG
3239,The,I-ORG
3240,Childrenp,I-ORG
3241,Vancouverppcbcstephenquinnp,B-MISC
3242,Stanfords,B-ORG
3243,Center,I-ORG
3244,Internet,I-ORG
3245,Societyp,I-ORG
3246,BCp,B-MISC
3247,Sainsbury,B-ORG
3248,Professor,I-ORG
3249,History,I-ORG
3250,Brock,I-ORG
3251,Universityp,I-ORG
3252,Pricelessp,B-MISC
3253,Hippocratic,B-ORG
3254,OathppJenny,I-ORG
3255,Dea,I-ORG
3256,Torontop,I-ORG
3257,University,B-PER
3258,Windsorp,I-PER
3259,Canadas,B-ORG
3260,Department,I-ORG
3261,Foreign,I-ORG
3262,Affairsp,I-ORG
3263,Ottawap,B-PER
3264,Heiltsukp,B-PER
3265,Ontariop,B-MISC
3266,Addis,B-LOC
3267,Ababa,I-LOC
3268,University,I-LOC
3269,tweet,I-LOC
3270,Lucas381p,I-LOC
3271,Stanford,B-ORG
3272,Universitys,I-ORG
3273,Hoover,I-ORG
3274,Institutionp,I-ORG
3275,Osgoode,B-PER
3276,Hall,I-PER
3277,Law,I-PER
3278,Schoolp,I-PER
3279,Nobel,B-MISC
3280,Peace,I-MISC
3281,Prizep,I-MISC
3282,Liberal,B-ORG
3283,Party,I-ORG
3284,Canadap,I-ORG
3285,Queens,B-ORG
3286,Universityp,I-ORG
3287,Written,B-MISC
3288,Flesh,I-MISC
3289,History,I-MISC
3290,Desire,I-MISC
3291,DNAp,B-MISC
3292,Centre,B-ORG
3293,International,I-ORG
3294,Governance,I-ORG
3295,Innovationp,I-ORG
3296,Ottawa,B-ORG
3297,Next,I-ORG
3298,Saskatchewanp,I-ORG
3299,Vancouverp,B-MISC
3300,Parisp,B-LOC
3301,ppErin,B-ORG
3302,Grewar,I-ORG
3303,Torontop,I-ORG
3304,Nisgaap,B-MISC
3305,Otherwise,B-ORG
3306,Raptors,I-ORG
3307,Blue,I-ORG
3308,Jaysp,I-ORG
3309,Hong,B-PER
3310,Kongp,I-PER
3311,Lochep,B-PER
3312,CAQp,B-MISC
3313,Canadap,B-MISC
3314,Jaysp,B-MISC
3315,Egyptp,B-ORG
3316,PEN,B-ORG
3317,Canadap,I-ORG
3318,Sauder,B-ORG
3319,School,I-ORG
3320,Business,I-ORG
3321,University,I-ORG
3322,British,I-ORG
3323,Columbiap,I-ORG
3324,Chinap,B-ORG
3325,Affairs,B-PER
3326,Institutep,I-PER
3327,Vancouverp,B-MISC
3328,Vancouverp,B-MISC
3329,Caseysp,B-MISC
3330,Free,B-ORG
3331,The,I-ORG
3332,Childrenp,I-ORG
3333,Free,B-ORG
3334,The,I-ORG
3335,Childrenp,I-ORG
3336,Mayor,B-PER
3337,Sherbrookep,I-PER
3338,Allen,B-ORG
3339,Lane,I-ORG
3340,Canada,I-ORG
3341,Simon,B-PER
3342,Schuster,I-PER
3343,UKp,I-PER
3344,McGill,B-PER
3345,Universityp,I-PER
3346,Twitterp,B-PER
3347,Ottawap,B-ORG
3348,Ottawap,B-PER
3349,PRIp,B-MISC
3350,Semantic,B-PER
3351,Shiftsp,I-PER
3352,Howe,B-PER
3353,Institutep,I-PER
3354,Septemberp,B-MISC
3355,Fraserp,B-MISC
3356,Howe,B-PER
3357,Institutep,I-PER
3358,monasteriesppBeorthtric,B-MISC
3359,Watcher,I-MISC
3360,Figure,I-MISC
3361,Skatersp,I-MISC
3362,Collins,B-PER
3363,Torontop,I-PER
3364,Damage,B-ORG
3365,Control,I-ORG
3366,ppGlobe,I-ORG
3367,Lifep,I-ORG
3368,University,B-ORG
3369,Southern,I-ORG
3370,Californiappp,I-ORG
3371,Blenzp,B-ORG
3372,Liberal,B-ORG
3373,Party,I-ORG
3374,Canadap,I-ORG
3375,Grand,B-MISC
3376,Challenges,I-MISC
3377,Canadap,I-MISC
3378,Canada,B-ORG
3379,House,I-ORG
3380,Anansip,I-ORG
3381,Alliance,B-PER
3382,Quebecp,I-PER
3383,Knopf,B-ORG
3384,Canadap,I-ORG
3385,Bishop,B-ORG
3386,Strachan,I-ORG
3387,School,I-ORG
3388,Torontop,I-ORG
3389,Policy,B-PER
3390,Journalp,I-PER
3391,Steve,B-PER
3392,Tustinp,I-PER
3393,Ingrid,B-PER
3394,Peritz,I-PER
3395,Montrealp,I-PER
3396,Aegeanp,B-MISC
3397,Supreme,B-ORG
3398,Court,I-ORG
3399,Canadap,I-ORG
3400,Canadap,B-MISC
